bit_index,kind,message_index,expected_bit,decoded_bit,median_value,sample_count,correct,video
4,guard_or_pad,-1,0,1,0.9784209728240967,224,0,7-1T1 .mp4
5,guard_or_pad,-1,0,1,0.9941326379776001,16,0,7-1T1 .mp4
14,guard_or_pad,-1,0,1,0.9835271835327148,225,0,7-1T1 .mp4
15,guard_or_pad,-1,0,1,0.9913671016693115,15,0,7-1T1 .mp4
24,preamble,0,1,1,0.9858866930007935,225,1,7-1T1 .mp4
25,preamble,0,0,1,0.9846281409263611,15,0,7-1T1 .mp4
34,preamble,0,1,1,0.9920920729637146,226,1,7-1T1 .mp4
35,preamble,0,0,0,-0.010618166998028755,14,1,7-1T1 .mp4
44,preamble,0,1,1,0.9956033229827881,226,1,7-1T1 .mp4
45,preamble,0,0,1,0.9889307022094727,14,0,7-1T1 .mp4
54,payload,0,1,0,0.0035937766078859568,227,0,7-1T1 .mp4
55,payload,0,1,1,0.9889439940452576,13,1,7-1T1 .mp4
64,preamble,1,0,0,0.0036010942421853542,227,1,7-1T1 .mp4
65,preamble,1,1,1,0.9889439940452576,13,1,7-1T1 .mp4
74,preamble,1,0,0,0.003747896756976843,228,1,7-1T1 .mp4
75,preamble,1,1,1,0.9906357526779175,12,1,7-1T1 .mp4
84,preamble,1,0,0,0.3933885395526886,229,1,7-1T1 .mp4
85,preamble,1,1,1,0.9922215938568115,11,1,7-1T1 .mp4
94,preamble,1,0,0,0.005446364171802998,229,1,7-1T1 .mp4
95,payload,1,1,0,0.003433199832215905,11,0,7-1T1 .mp4
104,payload,1,1,0,0.004056642297655344,230,0,7-1T1 .mp4
105,payload,1,0,0,0.003432049648836255,10,1,7-1T1 .mp4
114,preamble,2,1,0,0.0027360497042536736,230,0,7-1T1 .mp4
115,preamble,2,0,0,-5.4423198889708146e-05,10,1,7-1T1 .mp4
124,preamble,2,1,1,0.9925825595855713,231,1,7-1T1 .mp4
125,preamble,2,0,1,0.5325131416320801,9,0,7-1T1 .mp4
134,preamble,2,1,1,0.9985516667366028,231,1,7-1T1 .mp4
135,preamble,2,0,0,0.01782945729792118,9,1,7-1T1 .mp4
144,payload,2,1,1,0.990538477897644,232,1,7-1T1 .mp4
145,payload,2,0,0,-0.013151563704013824,8,1,7-1T1 .mp4
154,preamble,3,0,1,0.9938545823097229,232,0,7-1T1 .mp4
155,preamble,3,1,0,-0.01280925888568163,8,0,7-1T1 .mp4
164,preamble,3,0,1,0.9936885833740234,233,0,7-1T1 .mp4
165,preamble,3,1,0,-0.012830793857574463,7,0,7-1T1 .mp4
174,preamble,3,0,0,0.0039529986679553986,233,1,7-1T1 .mp4
175,preamble,3,1,1,1.0,7,1,7-1T1 .mp4
184,payload,3,1,0,0.47142505645751953,234,0,7-1T1 .mp4
185,payload,3,0,1,1.0,6,0,7-1T1 .mp4
194,preamble,4,1,1,0.9504103660583496,235,1,7-1T1 .mp4
195,preamble,4,0,1,1.0,5,0,7-1T1 .mp4
204,preamble,4,1,1,0.9888154864311218,235,1,7-1T1 .mp4
205,preamble,4,0,1,1.0,5,0,7-1T1 .mp4
214,preamble,4,1,1,0.9919062852859497,236,1,7-1T1 .mp4
215,preamble,4,0,1,0.9940908551216125,4,0,7-1T1 .mp4
224,payload,4,1,0,0.0039200447499752045,236,0,7-1T1 .mp4
225,payload,4,0,1,0.696190595626831,4,0,7-1T1 .mp4
234,payload,4,0,0,0.0037900921888649464,237,1,7-1T1 .mp4
235,preamble,5,1,1,0.9562709331512451,3,1,7-1T1 .mp4
244,preamble,5,0,0,0.003024304285645485,237,1,7-1T1 .mp4
245,preamble,5,1,1,0.9929522275924683,3,1,7-1T1 .mp4
254,preamble,5,0,0,0.0031141594517976046,238,1,7-1T1 .mp4
255,preamble,5,1,1,0.9938175678253174,2,1,7-1T1 .mp4
264,preamble,5,0,1,0.9999820590019226,238,0,7-1T1 .mp4
265,preamble,5,1,0,0.004012578167021275,2,0,7-1T1 .mp4
274,payload,5,0,1,0.9934873580932617,239,0,7-1T1 .mp4
275,payload,5,1,0,0.0042427401058375835,1,0,7-1T1 .mp4
284,preamble,6,1,0,0.00842012744396925,239,0,7-1T1 .mp4
285,preamble,6,0,0,0.0042427401058375835,1,1,7-1T1 .mp4
294,preamble,6,1,1,1.0026772022247314,240,1,7-1T1 .mp4
304,preamble,6,1,1,0.9901382327079773,240,1,7-1T1 .mp4
314,payload,6,0,1,0.9910826683044434,240,0,7-1T1 .mp4
324,preamble,7,0,1,0.990562915802002,240,0,7-1T1 .mp4
334,preamble,7,0,1,0.9919477701187134,240,0,7-1T1 .mp4
344,preamble,7,0,0,0.0012261774390935898,240,1,7-1T1 .mp4
354,payload,7,0,0,0.0015033051604405046,240,1,7-1T1 .mp4
364,preamble,8,1,0,0.001516696996986866,240,0,7-1T1 .mp4
374,preamble,8,1,0,0.0018531274981796741,240,0,7-1T1 .mp4
384,preamble,8,1,1,0.8321191072463989,240,1,7-1T1 .mp4
394,preamble,8,1,0,0.001304215518757701,240,0,7-1T1 .mp4
404,payload,8,1,0,0.000812788144685328,240,0,7-1T1 .mp4
414,preamble,9,0,0,0.0008156636031344533,240,1,7-1T1 .mp4
424,preamble,9,0,0,0.0008901687106117606,240,1,7-1T1 .mp4
434,preamble,9,0,1,1.0043588876724243,240,0,7-1T1 .mp4
444,payload,9,0,1,1.0078990459442139,240,0,7-1T1 .mp4
453,preamble,10,0,1,1.0425711870193481,1,0,7-1T1 .mp4
454,preamble,10,1,1,1.0095124244689941,239,1,7-1T1 .mp4
463,preamble,10,0,1,1.0436574220657349,1,0,7-1T1 .mp4
464,preamble,10,1,1,1.010504961013794,239,1,7-1T1 .mp4
473,preamble,10,0,0,0.003213427262380719,2,1,7-1T1 .mp4
474,preamble,10,1,1,0.7245769500732422,238,1,7-1T1 .mp4
483,payload,10,0,0,0.003213427262380719,2,1,7-1T1 .mp4
484,payload,10,1,1,0.877701461315155,238,1,7-1T1 .mp4
493,preamble,11,1,0,0.0032007868867367506,3,0,7-1T1 .mp4
494,preamble,11,0,1,0.9663780331611633,237,0,7-1T1 .mp4
503,preamble,11,1,0,0.0032007868867367506,3,0,7-1T1 .mp4
504,preamble,11,0,1,0.9876521825790405,237,0,7-1T1 .mp4
513,preamble,11,1,1,1.0885378122329712,4,1,7-1T1 .mp4
514,preamble,11,0,0,6.384971493389457e-05,236,1,7-1T1 .mp4
523,preamble,11,1,1,1.1059751510620117,4,1,7-1T1 .mp4
524,preamble,11,0,0,0.00010570739686954767,236,1,7-1T1 .mp4
533,payload,11,1,1,0.6592284440994263,5,1,7-1T1 .mp4
534,payload,11,1,0,0.00032449435093440115,235,0,7-1T1 .mp4
543,preamble,12,0,0,-0.0035706704948097467,6,1,7-1T1 .mp4
544,preamble,12,1,0,0.0003749991301447153,234,0,7-1T1 .mp4
553,preamble,12,0,0,-0.004074729513376951,6,1,7-1T1 .mp4
554,preamble,12,1,0,0.002449621679261327,234,0,7-1T1 .mp4
563,preamble,12,0,1,1.1925114393234253,7,0,7-1T1 .mp4
564,preamble,12,1,1,1.0066540241241455,233,1,7-1T1 .mp4
573,payload,12,0,1,1.234775424003601,7,0,7-1T1 .mp4
574,payload,12,1,0,0.049192264676094055,233,0,7-1T1 .mp4
583,preamble,13,1,1,1.2693617343902588,8,1,7-1T1 .mp4
584,preamble,13,0,0,-0.0013265449088066816,232,1,7-1T1 .mp4
593,preamble,13,1,0,0.005565880797803402,8,0,7-1T1 .mp4
594,preamble,13,0,0,0.0003000673605129123,232,1,7-1T1 .mp4
603,preamble,13,1,0,0.005565280560404062,9,0,7-1T1 .mp4
604,preamble,13,0,1,0.9087881445884705,231,0,7-1T1 .mp4
613,payload,13,1,0,0.004113379400223494,9,0,7-1T1 .mp4
614,payload,13,1,1,0.9279354810714722,231,1,7-1T1 .mp4
623,preamble,14,0,0,-0.0037250365130603313,10,1,7-1T1 .mp4
624,preamble,14,1,1,1.0011173486709595,230,1,7-1T1 .mp4
633,preamble,14,0,1,1.1136200428009033,10,0,7-1T1 .mp4
634,preamble,14,1,1,1.0064353942871094,230,1,7-1T1 .mp4
643,preamble,14,0,0,0.004117595963180065,11,1,7-1T1 .mp4
644,preamble,14,1,0,0.004216967150568962,229,0,7-1T1 .mp4
653,preamble,14,0,0,0.004921813495457172,11,1,7-1T1 .mp4
654,payload,14,1,0,0.004586248658597469,229,0,7-1T1 .mp4
663,payload,14,1,0,0.003811934031546116,12,0,7-1T1 .mp4
664,payload,14,0,0,0.3285466432571411,228,1,7-1T1 .mp4
9,guard_or_pad,-1,0,1,0.9760287404060364,221,0,7-1T2.mp4
10,guard_or_pad,-1,0,1,0.9787009358406067,19,0,7-1T2.mp4
19,guard_or_pad,-1,0,0,0.0013418009039014578,201,1,7-1T2.mp4
20,preamble,0,1,0,0.0009755379869602621,39,0,7-1T2.mp4
29,preamble,0,0,0,0.001310271443799138,182,1,7-1T2.mp4
30,preamble,0,1,0,0.0009506734786555171,58,0,7-1T2.mp4
39,preamble,0,0,0,0.0009820089908316731,162,1,7-1T2.mp4
40,preamble,0,1,0,0.0010345525806769729,78,0,7-1T2.mp4
49,preamble,0,0,0,0.000608763366471976,143,1,7-1T2.mp4
50,preamble,0,1,0,0.001364847761578858,97,0,7-1T2.mp4
59,payload,0,0,0,0.0006432976806536317,123,1,7-1T2.mp4
60,payload,0,1,1,0.8386961221694946,117,1,7-1T2.mp4
69,preamble,1,1,1,0.987449586391449,103,1,7-1T2.mp4
70,preamble,1,0,0,0.07891089469194412,137,1,7-1T2.mp4
79,preamble,1,1,1,0.9945214986801147,84,1,7-1T2.mp4
80,preamble,1,0,0,0.0033781551755964756,156,1,7-1T2.mp4
89,preamble,1,1,1,1.0005223751068115,64,1,7-1T2.mp4
90,preamble,1,0,0,0.002929918235167861,176,1,7-1T2.mp4
99,payload,1,0,1,1.0006381273269653,44,0,7-1T2.mp4
100,payload,1,0,0,0.0033667702227830887,196,1,7-1T2.mp4
109,preamble,2,0,1,0.9934989213943481,25,0,7-1T2.mp4
110,preamble,2,1,1,0.988465428352356,215,1,7-1T2.mp4
119,preamble,2,0,0,0.0,5,1,7-1T2.mp4
120,preamble,2,1,1,0.9918171763420105,235,1,7-1T2.mp4
130,preamble,2,1,1,1.0048744678497314,240,1,7-1T2.mp4
140,payload,2,1,1,0.9997012615203857,240,1,7-1T2.mp4
150,preamble,3,0,1,0.9761142730712891,240,0,7-1T2.mp4
160,preamble,3,0,0,0.0018668018747121096,240,1,7-1T2.mp4
170,preamble,3,0,0,0.0015852702781558037,240,1,7-1T2.mp4
180,preamble,3,0,0,0.01462110597640276,240,1,7-1T2.mp4
190,payload,3,1,1,0.9413353204727173,240,1,7-1T2.mp4
200,preamble,4,1,0,0.0016467389650642872,240,0,7-1T2.mp4
210,preamble,4,1,0,0.00021212510182522237,240,0,7-1T2.mp4
220,preamble,4,1,0,0.0002020148967858404,240,0,7-1T2.mp4
230,payload,4,1,0,0.00014554287190549076,240,0,7-1T2.mp4
240,preamble,5,0,1,0.9895020723342896,240,0,7-1T2.mp4
250,preamble,5,0,1,0.98410964012146,240,0,7-1T2.mp4
260,preamble,5,0,1,0.9940676689147949,240,0,7-1T2.mp4
270,payload,5,1,1,1.0028644800186157,240,1,7-1T2.mp4
280,preamble,6,1,1,1.001657247543335,240,1,7-1T2.mp4
290,preamble,6,1,1,0.9865313172340393,240,1,7-1T2.mp4
300,preamble,6,1,1,0.9704241752624512,240,1,7-1T2.mp4
310,payload,6,1,1,0.9941259622573853,240,1,7-1T2.mp4
320,payload,6,0,1,0.9876279830932617,240,0,7-1T2.mp4
330,preamble,7,0,0,0.0012298587244004011,240,1,7-1T2.mp4
340,preamble,7,0,0,0.0013142689131200314,240,1,7-1T2.mp4
350,preamble,7,0,0,0.0010117420461028814,240,1,7-1T2.mp4
360,payload,7,0,1,0.9887658357620239,240,0,7-1T2.mp4
370,preamble,8,1,1,0.983778715133667,240,1,7-1T2.mp4
380,preamble,8,1,1,0.9774548411369324,240,1,7-1T2.mp4
390,preamble,8,1,0,0.003860763506963849,240,0,7-1T2.mp4
400,payload,8,0,0,0.0022743549197912216,240,1,7-1T2.mp4
410,preamble,9,0,1,0.9924043416976929,240,0,7-1T2.mp4
420,preamble,9,0,1,0.9845365285873413,240,0,7-1T2.mp4
430,preamble,9,0,1,0.9805078506469727,240,0,7-1T2.mp4
440,payload,9,0,1,0.9869135618209839,240,0,7-1T2.mp4
450,preamble,10,1,1,0.9786074161529541,240,1,7-1T2.mp4
460,preamble,10,1,0,0.0031354641541838646,240,0,7-1T2.mp4
470,preamble,10,1,0,0.003290894441306591,240,0,7-1T2.mp4
480,preamble,10,1,1,0.9387679696083069,240,1,7-1T2.mp4
490,payload,10,1,1,0.9942677021026611,240,1,7-1T2.mp4
500,preamble,11,0,0,0.000575294834561646,240,1,7-1T2.mp4
510,preamble,11,0,0,0.00022123806411400437,240,1,7-1T2.mp4
520,preamble,11,0,0,0.00041641504503786564,240,1,7-1T2.mp4
530,payload,11,0,1,0.9782402515411377,229,0,7-1T2.mp4
531,payload,11,1,0,0.0292646661400795,11,0,7-1T2.mp4
540,preamble,12,1,1,0.9819109439849854,210,1,7-1T2.mp4
541,preamble,12,0,0,-0.0017388175474479795,30,1,7-1T2.mp4
550,preamble,12,1,1,0.991248369216919,190,1,7-1T2.mp4
551,preamble,12,0,0,-0.001621742732822895,50,1,7-1T2.mp4
560,preamble,12,1,1,0.9867218732833862,170,1,7-1T2.mp4
561,preamble,12,0,0,-0.0012140588369220495,70,1,7-1T2.mp4
570,payload,12,1,1,0.978108823299408,151,1,7-1T2.mp4
571,payload,12,1,0,-0.0012132520787417889,89,0,7-1T2.mp4
580,preamble,13,0,0,0.0001338031725026667,131,1,7-1T2.mp4
581,preamble,13,1,1,0.9674764275550842,109,1,7-1T2.mp4
590,preamble,13,0,0,2.2895061192684807e-05,111,1,7-1T2.mp4
591,preamble,13,1,1,0.9764533042907715,129,1,7-1T2.mp4
600,preamble,13,0,0,0.00010642338747857139,92,1,7-1T2.mp4
601,preamble,13,1,1,1.0085009336471558,148,1,7-1T2.mp4
610,preamble,13,0,0,2.302085886185523e-05,72,1,7-1T2.mp4
611,payload,13,1,1,1.0105528831481934,168,1,7-1T2.mp4
620,payload,13,1,0,0.0003927288926206529,52,0,7-1T2.mp4
621,payload,13,0,1,1.008353352546692,188,0,7-1T2.mp4
630,preamble,14,1,1,0.9837989807128906,33,1,7-1T2.mp4
631,preamble,14,0,0,0.0,207,1,7-1T2.mp4
640,preamble,14,1,0,0.007336455397307873,13,0,7-1T2.mp4
641,preamble,14,0,0,8.353804878424853e-05,227,1,7-1T2.mp4
651,preamble,14,0,0,0.0003416285617277026,240,1,7-1T2.mp4
661,payload,14,0,0,0.0010605324059724808,240,1,7-1T2.mp4
5,guard_or_pad,-1,0,0,0.012209288775920868,240,1,7-1T3.mp4
15,guard_or_pad,-1,0,1,0.8546499609947205,240,0,7-1T3.mp4
25,preamble,0,0,1,0.8546499609947205,240,0,7-1T3.mp4
35,preamble,0,0,1,0.8916255831718445,240,0,7-1T3.mp4
45,preamble,0,0,1,0.8916255831718445,240,0,7-1T3.mp4
55,payload,0,1,1,0.9232383966445923,240,1,7-1T3.mp4
65,preamble,1,1,1,0.9232383966445923,240,1,7-1T3.mp4
75,preamble,1,1,1,0.9129127860069275,240,1,7-1T3.mp4
85,preamble,1,1,1,0.9129127860069275,240,1,7-1T3.mp4
95,payload,1,1,1,0.9186258316040039,233,1,7-1T3.mp4
96,payload,1,0,1,0.9990349411964417,7,0,7-1T3.mp4
105,payload,1,0,1,0.9093967080116272,215,0,7-1T3.mp4
106,preamble,2,1,1,0.9965870380401611,25,1,7-1T3.mp4
115,preamble,2,0,0,0.016820069402456284,197,1,7-1T3.mp4
116,preamble,2,1,1,1.0006766319274902,43,1,7-1T3.mp4
125,preamble,2,0,0,0.0168674997985363,179,1,7-1T3.mp4
126,preamble,2,1,1,0.9980956315994263,61,1,7-1T3.mp4
135,preamble,2,0,1,0.02588086575269699,161,0,7-1T3.mp4
136,preamble,2,1,1,0.9876160621643066,79,1,7-1T3.mp4
145,payload,2,0,1,0.02629292756319046,143,0,7-1T3.mp4
146,payload,2,1,1,0.9826404452323914,97,1,7-1T3.mp4
155,preamble,3,1,1,0.9128113389015198,125,1,7-1T3.mp4
156,preamble,3,0,0,0.010909860953688622,115,1,7-1T3.mp4
165,preamble,3,1,1,0.9182518124580383,107,1,7-1T3.mp4
166,preamble,3,0,0,0.01298596989363432,133,1,7-1T3.mp4
175,preamble,3,1,1,0.9486150145530701,89,1,7-1T3.mp4
176,preamble,3,0,0,0.011675390414893627,151,1,7-1T3.mp4
185,payload,3,0,1,0.9880812168121338,71,0,7-1T3.mp4
186,payload,3,0,0,0.011993242427706718,169,1,7-1T3.mp4
195,preamble,4,0,0,0.009051593020558357,52,1,7-1T3.mp4
196,preamble,4,1,1,0.91910320520401,188,1,7-1T3.mp4
205,preamble,4,0,0,0.007734836544841528,35,1,7-1T3.mp4
206,preamble,4,1,1,0.9254919290542603,205,1,7-1T3.mp4
215,preamble,4,0,1,1.1049723625183105,16,0,7-1T3.mp4
216,preamble,4,1,1,0.8420162796974182,224,1,7-1T3.mp4
226,payload,4,1,1,0.8499261140823364,240,1,7-1T3.mp4
236,preamble,5,0,0,-0.008412410505115986,240,1,7-1T3.mp4
246,preamble,5,0,0,-0.008412410505115986,240,1,7-1T3.mp4
256,preamble,5,0,1,0.8641133308410645,240,0,7-1T3.mp4
266,preamble,5,0,1,0.8641133308410645,240,0,7-1T3.mp4
276,payload,5,1,1,0.9984482526779175,240,1,7-1T3.mp4
286,preamble,6,1,1,0.9984482526779175,240,1,7-1T3.mp4
296,preamble,6,1,0,0.015231002122163773,240,0,7-1T3.mp4
306,preamble,6,1,0,0.015231002122163773,240,0,7-1T3.mp4
316,payload,6,1,0,0.015339722856879234,240,0,7-1T3.mp4
326,preamble,7,0,0,0.015339722856879234,240,1,7-1T3.mp4
336,preamble,7,0,1,0.8480708599090576,240,0,7-1T3.mp4
346,preamble,7,0,1,0.8480708599090576,240,0,7-1T3.mp4
356,payload,7,1,1,0.904126763343811,240,1,7-1T3.mp4
366,preamble,8,1,1,0.904126763343811,240,1,7-1T3.mp4
376,preamble,8,1,1,0.8613796234130859,240,1,7-1T3.mp4
386,preamble,8,1,1,0.8613796234130859,240,1,7-1T3.mp4
396,payload,8,1,1,1.0,240,1,7-1T3.mp4
406,payload,8,0,1,1.0,240,0,7-1T3.mp4
416,preamble,9,0,1,0.02841901034116745,240,0,7-1T3.mp4
426,preamble,9,0,1,0.02841901034116745,240,0,7-1T3.mp4
436,preamble,9,0,1,0.032602399587631226,240,0,7-1T3.mp4
446,payload,9,0,1,0.032602399587631226,240,0,7-1T3.mp4
456,preamble,10,1,1,0.025674056261777878,240,1,7-1T3.mp4
466,preamble,10,1,1,0.025674056261777878,240,1,7-1T3.mp4
476,preamble,10,1,1,0.02321241796016693,240,1,7-1T3.mp4
486,payload,10,0,1,0.02321241796016693,240,0,7-1T3.mp4
496,preamble,11,0,1,0.8244681358337402,240,0,7-1T3.mp4
506,preamble,11,0,1,0.8244681358337402,240,0,7-1T3.mp4
516,preamble,11,0,1,0.8457891941070557,240,0,7-1T3.mp4
526,payload,11,0,1,0.8457891941070557,240,0,7-1T3.mp4
536,preamble,12,1,1,0.03252159059047699,240,1,7-1T3.mp4
546,preamble,12,1,1,0.03252159059047699,240,1,7-1T3.mp4
556,preamble,12,1,1,0.8452842235565186,240,1,7-1T3.mp4
566,preamble,12,1,1,0.8452842235565186,240,1,7-1T3.mp4
576,payload,12,1,1,0.022417081519961357,240,1,7-1T3.mp4
586,preamble,13,0,1,0.022417081519961357,240,0,7-1T3.mp4
596,preamble,13,0,1,0.022815488278865814,240,0,7-1T3.mp4
606,preamble,13,0,1,0.022815488278865814,240,0,7-1T3.mp4
616,payload,13,0,1,0.02577413246035576,240,0,7-1T3.mp4
626,preamble,14,1,1,0.024166997522115707,223,1,7-1T3.mp4
627,preamble,14,0,1,0.9374830722808838,17,0,7-1T3.mp4
636,preamble,14,1,1,0.8727329969406128,204,1,7-1T3.mp4
637,preamble,14,0,0,0.003831244073808193,36,1,7-1T3.mp4
646,preamble,14,1,1,0.8757453560829163,186,1,7-1T3.mp4
647,preamble,14,0,0,0.003714874852448702,54,1,7-1T3.mp4
656,payload,14,1,0,0.0070744408294558525,168,0,7-1T3.mp4
657,payload,14,1,0,0.0033223279751837254,72,0,7-1T3.mp4
666,preamble,15,0,0,0.008932892233133316,150,1,7-1T3.mp4
667,preamble,15,1,0,0.00252917455509305,90,0,7-1T3.mp4
676,preamble,15,0,0,0.0013397936709225178,132,1,7-1T3.mp4
677,preamble,15,1,0,0.0023797526955604553,108,0,7-1T3.mp4
686,preamble,15,0,0,0.0012091564713045955,114,1,7-1T3.mp4
687,preamble,15,1,0,0.0027073845267295837,126,0,7-1T3.mp4
696,preamble,15,0,0,-0.008854929357767105,96,1,7-1T3.mp4
697,payload,15,1,0,-0.004704123362898827,144,0,7-1T3.mp4
706,payload,15,1,0,-0.008719106204807758,78,0,7-1T3.mp4
707,payload,15,0,0,-0.004887496121227741,162,1,7-1T3.mp4
716,preamble,16,1,0,-0.008663352578878403,60,0,7-1T3.mp4
717,preamble,16,0,0,-0.005578848533332348,180,1,7-1T3.mp4
726,preamble,16,1,0,-0.008577287197113037,42,0,7-1T3.mp4
727,preamble,16,0,0,-0.0059830318205058575,198,1,7-1T3.mp4
736,preamble,16,1,0,-0.00844520516693592,24,0,7-1T3.mp4
737,preamble,16,0,0,-0.008497398346662521,216,1,7-1T3.mp4
746,payload,16,1,0,-0.007986942306160927,6,0,7-1T3.mp4
747,payload,16,0,0,-0.008517210371792316,234,1,7-1T3.mp4
757,preamble,17,1,0,-0.008719106204807758,240,0,7-1T3.mp4
767,preamble,17,1,0,-0.008719106204807758,240,0,7-1T3.mp4
777,preamble,17,1,0,-0.008719106204807758,240,0,7-1T3.mp4
787,payload,17,0,0,-0.008719106204807758,240,1,7-1T3.mp4
797,preamble,18,0,0,-0.008660633116960526,240,1,7-1T3.mp4
807,preamble,18,0,0,-0.008660633116960526,240,1,7-1T3.mp4
817,preamble,18,0,0,-0.008662762120366096,240,1,7-1T3.mp4
827,payload,18,0,0,-0.008662762120366096,240,1,7-1T3.mp4
837,preamble,19,1,0,-0.008662762120366096,240,0,7-1T3.mp4
847,preamble,19,1,0,-0.008662762120366096,240,0,7-1T3.mp4
857,preamble,19,1,0,-0.008662762120366096,240,0,7-1T3.mp4
867,preamble,19,1,0,-0.008662762120366096,240,0,7-1T3.mp4
877,payload,19,1,0,-0.008662762120366096,240,0,7-1T3.mp4
887,preamble,20,0,0,-0.008662762120366096,240,1,7-1T3.mp4
897,preamble,20,0,0,-0.008662762120366096,240,1,7-1T3.mp4
907,preamble,20,0,0,-0.008662762120366096,240,1,7-1T3.mp4
917,payload,20,0,0,-0.008662762120366096,240,1,7-1T3.mp4
0,guard_or_pad,-1,0,0,0.8594087362289429,134,1,7-1T4.mp4
9,guard_or_pad,-1,0,1,0.054166629910469055,2,0,7-1T4.mp4
10,guard_or_pad,-1,0,0,0.8608262538909912,132,1,7-1T4.mp4
19,guard_or_pad,-1,0,0,1.0181416273117065,2,1,7-1T4.mp4
20,preamble,0,1,1,0.21160823106765747,132,1,7-1T4.mp4
29,preamble,0,0,0,1.0181416273117065,2,1,7-1T4.mp4
30,preamble,0,1,1,0.21160823106765747,132,1,7-1T4.mp4
39,preamble,0,0,1,0.008516628295183182,2,0,7-1T4.mp4
40,preamble,0,1,0,0.8784433603286743,132,0,7-1T4.mp4
49,preamble,0,0,1,0.008516628295183182,2,0,7-1T4.mp4
50,preamble,0,1,0,0.8784433603286743,132,0,7-1T4.mp4
59,payload,0,0,1,-0.00527765229344368,2,0,7-1T4.mp4
60,payload,0,1,0,0.8347793817520142,132,0,7-1T4.mp4
69,preamble,1,1,1,-0.00527765229344368,2,1,7-1T4.mp4
70,preamble,1,0,0,0.8347793817520142,132,1,7-1T4.mp4
79,preamble,1,1,1,-0.009619183838367462,3,1,7-1T4.mp4
80,preamble,1,0,0,0.8057442903518677,131,1,7-1T4.mp4
89,preamble,1,1,1,0.0007832436822354794,5,1,7-1T4.mp4
90,preamble,1,0,0,0.8070506453514099,129,1,7-1T4.mp4
99,payload,1,0,0,0.4184403717517853,6,1,7-1T4.mp4
100,payload,1,0,1,-0.008501965552568436,128,0,7-1T4.mp4
109,preamble,2,0,0,0.4257405698299408,7,1,7-1T4.mp4
110,preamble,2,1,1,-0.008521655574440956,127,1,7-1T4.mp4
119,preamble,2,0,1,-0.0152207650244236,9,0,7-1T4.mp4
120,preamble,2,1,0,0.7979382276535034,125,0,7-1T4.mp4
129,preamble,2,0,1,-0.014663277193903923,10,0,7-1T4.mp4
130,preamble,2,1,0,0.7997004985809326,124,0,7-1T4.mp4
139,payload,2,0,0,0.524326741695404,12,1,7-1T4.mp4
140,payload,2,1,1,0.003992351703345776,122,1,7-1T4.mp4
149,preamble,3,1,0,0.5701926350593567,13,0,7-1T4.mp4
150,preamble,3,0,1,0.003925560973584652,121,0,7-1T4.mp4
159,preamble,3,1,0,0.7003514766693115,15,0,7-1T4.mp4
160,preamble,3,0,0,0.8300490379333496,119,1,7-1T4.mp4
169,preamble,3,1,0,0.742741584777832,16,0,7-1T4.mp4
170,preamble,3,0,0,0.8309922218322754,118,1,7-1T4.mp4
179,preamble,3,1,1,0.017536895349621773,18,1,7-1T4.mp4
180,preamble,3,0,0,0.7484830617904663,116,1,7-1T4.mp4
189,payload,3,1,1,0.017774896696209908,19,1,7-1T4.mp4
190,payload,3,1,0,0.7490000128746033,115,0,7-1T4.mp4
199,preamble,4,0,0,0.8586419820785522,20,1,7-1T4.mp4
200,preamble,4,1,0,0.6542625427246094,114,0,7-1T4.mp4
209,preamble,4,0,0,0.8005416393280029,22,1,7-1T4.mp4
210,preamble,4,1,0,0.6563832759857178,112,0,7-1T4.mp4
219,preamble,4,0,1,0.011721049435436726,23,0,7-1T4.mp4
220,preamble,4,1,0,1.1068788766860962,111,0,7-1T4.mp4
229,payload,4,0,1,0.011823173612356186,24,0,7-1T4.mp4
230,payload,4,1,0,1.1220332384109497,110,0,7-1T4.mp4
239,preamble,5,1,1,0.011202385649085045,24,1,7-1T4.mp4
240,preamble,5,0,0,0.8508968949317932,110,1,7-1T4.mp4
249,preamble,5,1,1,0.011202385649085045,24,1,7-1T4.mp4
250,preamble,5,0,0,0.8508968949317932,110,1,7-1T4.mp4
259,preamble,5,1,0,0.5530152320861816,24,0,7-1T4.mp4
260,preamble,5,0,1,0.0030336473137140274,110,0,7-1T4.mp4
269,payload,5,1,0,0.5530152320861816,24,0,7-1T4.mp4
270,payload,5,1,1,0.0030336473137140274,110,1,7-1T4.mp4
279,preamble,6,0,0,0.5238263607025146,24,1,7-1T4.mp4
280,preamble,6,1,1,0.0037037294823676348,110,1,7-1T4.mp4
289,preamble,6,0,0,0.5238263607025146,24,1,7-1T4.mp4
290,preamble,6,1,1,0.0037037294823676348,110,1,7-1T4.mp4
299,preamble,6,0,0,0.6072062253952026,24,1,7-1T4.mp4
300,preamble,6,1,0,0.5529581308364868,110,0,7-1T4.mp4
309,preamble,6,0,0,0.6072062253952026,24,1,7-1T4.mp4
310,payload,6,1,0,0.5529581308364868,110,0,7-1T4.mp4
319,payload,6,1,0,0.4946751594543457,26,0,7-1T4.mp4
320,payload,6,0,1,0.017119597643613815,108,0,7-1T4.mp4
329,preamble,7,1,0,0.48306724429130554,27,0,7-1T4.mp4
330,preamble,7,0,1,0.017104744911193848,107,0,7-1T4.mp4
339,preamble,7,1,1,-0.003780773375183344,27,1,7-1T4.mp4
340,preamble,7,0,0,1.0943102836608887,107,1,7-1T4.mp4
349,preamble,7,1,1,-0.003780773375183344,27,1,7-1T4.mp4
350,preamble,7,0,0,1.0943102836608887,107,1,7-1T4.mp4
359,payload,7,1,1,-0.000670263369102031,27,1,7-1T4.mp4
360,payload,7,0,0,0.9212170839309692,107,1,7-1T4.mp4
369,preamble,8,0,1,-0.000670263369102031,27,0,7-1T4.mp4
370,preamble,8,1,0,0.9212170839309692,107,0,7-1T4.mp4
379,preamble,8,0,0,0.7055909037590027,27,1,7-1T4.mp4
380,preamble,8,1,1,0.0020252971444278955,107,1,7-1T4.mp4
389,preamble,8,0,0,0.7055909037590027,27,1,7-1T4.mp4
390,preamble,8,1,1,0.0020252971444278955,107,1,7-1T4.mp4
399,payload,8,1,1,-0.007743614260107279,27,1,7-1T4.mp4
400,payload,8,0,1,0.04232374578714371,107,0,7-1T4.mp4
409,preamble,9,1,1,-0.007743614260107279,27,1,7-1T4.mp4
410,preamble,9,0,1,0.04232374578714371,107,0,7-1T4.mp4
419,preamble,9,1,1,-0.005193769000470638,27,1,7-1T4.mp4
420,preamble,9,0,0,1.1288710832595825,107,1,7-1T4.mp4
429,preamble,9,1,1,-0.005193769000470638,27,1,7-1T4.mp4
430,preamble,9,0,0,1.1288710832595825,107,1,7-1T4.mp4
439,payload,9,1,0,1.0432151556015015,27,0,7-1T4.mp4
440,payload,9,0,1,0.004214071203023195,107,0,7-1T4.mp4
449,payload,9,0,0,1.0432151556015015,27,1,7-1T4.mp4
450,preamble,10,1,1,0.004214071203023195,107,1,7-1T4.mp4
459,preamble,10,0,1,-0.0006981187034398317,27,0,7-1T4.mp4
460,preamble,10,1,1,0.00044390824041329324,107,1,7-1T4.mp4
469,preamble,10,0,1,-0.0006981187034398317,27,0,7-1T4.mp4
470,preamble,10,1,1,0.00044390824041329324,107,1,7-1T4.mp4
479,preamble,10,0,1,-0.011292691342532635,27,0,7-1T4.mp4
480,preamble,10,1,1,-0.002691161585971713,107,1,7-1T4.mp4
489,payload,10,0,1,-0.011292691342532635,27,0,7-1T4.mp4
490,payload,10,1,1,-0.002691161585971713,107,1,7-1T4.mp4
499,preamble,11,1,1,-0.026796430349349976,27,1,7-1T4.mp4
500,preamble,11,0,1,-0.005820459220558405,107,0,7-1T4.mp4
509,preamble,11,1,1,-0.026796430349349976,27,1,7-1T4.mp4
510,preamble,11,0,1,-0.005820459220558405,107,0,7-1T4.mp4
519,preamble,11,1,1,-0.028216106817126274,27,1,7-1T4.mp4
520,preamble,11,0,1,-0.01095991674810648,107,0,7-1T4.mp4
529,payload,11,0,1,-0.028216106817126274,27,0,7-1T4.mp4
530,payload,11,0,1,-0.01095991674810648,107,0,7-1T4.mp4
539,preamble,12,0,1,-0.028216106817126274,27,0,7-1T4.mp4
540,preamble,12,1,1,-0.012038346379995346,107,1,7-1T4.mp4
549,preamble,12,0,1,-0.028216106817126274,27,0,7-1T4.mp4
550,preamble,12,1,1,-0.012038346379995346,107,1,7-1T4.mp4
559,preamble,12,0,1,-0.028699059039354324,27,0,7-1T4.mp4
560,preamble,12,1,1,-0.014742077328264713,107,1,7-1T4.mp4
569,payload,12,0,1,-0.028699059039354324,27,0,7-1T4.mp4
570,payload,12,1,1,-0.014742077328264713,107,1,7-1T4.mp4
579,preamble,13,1,1,-0.029260067269206047,27,1,7-1T4.mp4
580,preamble,13,0,1,-0.016231995075941086,107,0,7-1T4.mp4
