video,frame_index,time_s,roi_mean_luma,roi_mean_blue_excess,row_contrast,row_fft_peak_ratio,saturated_fraction
7-15pixeltest5.mp4,0,0.0,75.8753890991211,42.31129455566406,0.5124046586387455,22.768272399902344,0.21529513888888888
7-15pixeltest5.mp4,1,0.03351679738562091,75.8753890991211,42.31129455566406,0.5124046586387455,22.768272399902344,0.21529513888888888
7-15pixeltest5.mp4,2,0.06703359477124182,75.8753890991211,42.31129455566406,0.5124046586387455,22.768272399902344,0.21529513888888888
7-15pixeltest5.mp4,3,0.10055039215686275,120.0555419921875,73.26655578613281,0.11782712834272348,7.6052565574646,0.399375
7-15pixeltest5.mp4,4,0.13406718954248364,76.20918273925781,41.534141540527344,0.5361379255287301,24.876602172851562,0.21260416666666668
7-15pixeltest5.mp4,5,0.16758398692810458,144.55340576171875,52.50362777709961,0.27315737586591565,6.830209732055664,0.30774305555555553
7-15pixeltest5.mp4,6,0.2011007843137255,33.99742889404297,10.66169261932373,0.0948146964466026,11.471593856811523,0.1337326388888889
7-15pixeltest5.mp4,7,0.2346175816993464,69.56915283203125,52.46196365356445,0.47306030376724945,18.23025894165039,0.19565972222222222
7-15pixeltest5.mp4,8,0.2681343790849673,27.655597686767578,24.31792449951172,0.2920520304131222,11.517326354980469,0.016979166666666667
7-15pixeltest5.mp4,9,0.3016511764705882,63.43528747558594,54.7570915222168,0.49716930846136026,32.926788330078125,0.1520138888888889
7-15pixeltest5.mp4,10,0.33516797385620917,71.85908508300781,39.696407318115234,0.4612019200901901,21.633346557617188,0.15659722222222222
7-15pixeltest5.mp4,11,0.3686847712418301,73.8846664428711,36.739036560058594,0.3952204655582452,11.120856285095215,0.14102430555555556
7-15pixeltest5.mp4,12,0.402201568627451,40.22889709472656,25.527812957763672,0.5509844980121484,20.517120361328125,0.048802083333333336
7-15pixeltest5.mp4,13,0.4357183660130719,67.81351470947266,57.29854202270508,0.46115692500079586,26.973655700683594,0.19739583333333333
7-15pixeltest5.mp4,14,0.4692351633986928,78.04901885986328,42.815834045410156,0.45096146658041053,15.455965042114258,0.24522569444444445
7-15pixeltest5.mp4,15,0.5027519607843137,71.6980209350586,27.37779426574707,0.46728001326285623,18.63267707824707,0.134375
7-15pixeltest5.mp4,16,0.5362687581699346,129.39053344726562,65.82530975341797,0.04160378746514005,14.709726333618164,0.4390104166666667
7-15pixeltest5.mp4,17,0.5697855555555555,76.08174133300781,47.47535705566406,0.5118442434878429,20.37308120727539,0.2295486111111111
7-15pixeltest5.mp4,18,0.6033023529411764,104.84439086914062,76.28313446044922,0.030244079008043667,7.06294059753418,0.5269097222222222
7-15pixeltest5.mp4,19,0.6368191503267974,13.849956512451172,13.024948120117188,0.31433578371879833,16.92866325378418,0.0
7-15pixeltest5.mp4,20,0.6703359477124183,77.29615783691406,31.598047256469727,0.4881154889891467,31.19536018371582,0.1562673611111111
7-15pixeltest5.mp4,21,0.7038527450980392,36.42736053466797,25.753576278686523,0.5178528178592054,21.440643310546875,0.04456597222222222
7-15pixeltest5.mp4,22,0.7373695424836602,62.82414627075195,27.361684799194336,0.40387603365445385,14.078699111938477,0.17229166666666668
7-15pixeltest5.mp4,23,0.770886339869281,76.27999877929688,43.54861068725586,0.4728184393703447,18.07618522644043,0.23489583333333333
7-15pixeltest5.mp4,24,0.804403137254902,106.66960144042969,60.78483581542969,0.40383310524915866,16.886812210083008,0.3640625
7-15pixeltest5.mp4,25,0.8379199346405228,68.31647491455078,49.4560661315918,0.47118482647284665,24.346599578857422,0.1710590277777778
7-15pixeltest5.mp4,26,0.8714367320261438,92.72756958007812,65.41902160644531,0.42766479365199894,17.478469848632812,0.22854166666666667
7-15pixeltest5.mp4,27,0.9049535294117647,66.4648208618164,30.936119079589844,0.5680096880822334,27.67874526977539,0.10027777777777777
7-15pixeltest5.mp4,28,0.9384703267973856,70.9704818725586,56.22113800048828,0.23285768717576405,16.948530197143555,0.1146875
7-15pixeltest5.mp4,29,0.9719871241830065,96.6962661743164,31.747594833374023,0.06050668080079337,7.185100555419922,0.34010416666666665
7-15pixeltest5.mp4,30,1.0055039215686274,63.953651428222656,43.6920051574707,0.5027972049115327,26.769893646240234,0.11071180555555556
7-15pixeltest5.mp4,31,1.0390207189542484,74.13787078857422,24.85630989074707,0.08440814068526015,10.147021293640137,0.30473958333333334
7-15pixeltest5.mp4,32,1.0725375163398692,29.096895217895508,28.552047729492188,0.3377899315804712,19.15180778503418,0.045208333333333336
7-15pixeltest5.mp4,33,1.1060543137254901,66.86009216308594,35.85398483276367,0.5012317999564584,21.81259536743164,0.09302083333333333
7-15pixeltest5.mp4,34,1.139571111111111,75.39567565917969,40.7582893371582,0.5208084417489579,17.340099334716797,0.0987673611111111
7-15pixeltest5.mp4,35,1.173087908496732,61.17335891723633,29.89753532409668,0.44687443265653126,14.603446006774902,0.163125
7-15pixeltest5.mp4,36,1.2066047058823528,68.31852722167969,29.90885353088379,0.5601115852377209,17.50681495666504,0.08809027777777778
7-15pixeltest5.mp4,37,1.2401215032679738,77.22286987304688,28.555313110351562,0.5168282889286421,15.738971710205078,0.16788194444444443
7-15pixeltest5.mp4,38,1.2736383006535947,57.76793670654297,28.774948120117188,0.3465140454408207,13.894116401672363,0.16973958333333333
7-15pixeltest5.mp4,39,1.3071550980392157,97.18710327148438,65.43946075439453,0.20038315261536288,16.761133193969727,0.18194444444444444
7-15pixeltest5.mp4,40,1.3406718954248367,76.87074279785156,27.310077667236328,0.5252341039205333,26.491052627563477,0.14395833333333333
7-15pixeltest5.mp4,41,1.3741886928104574,117.83492279052734,84.971923828125,0.137972457995582,7.003825664520264,0.36029513888888887
7-15pixeltest5.mp4,42,1.4077054901960784,53.45338821411133,15.65330696105957,0.09078112434724418,11.760476112365723,0.18704861111111112
7-15pixeltest5.mp4,43,1.4412222875816993,70.8875503540039,58.62465286254883,0.45559491250827905,17.759233474731445,0.2641145833333333
7-15pixeltest5.mp4,44,1.4747390849673203,38.61917495727539,14.547890663146973,0.5043815816492017,19.32638168334961,0.07788194444444445
7-15pixeltest5.mp4,45,1.508255882352941,57.73093795776367,32.20306396484375,0.44993579733166206,24.42201805114746,0.05713541666666667
7-15pixeltest5.mp4,46,1.541772679738562,77.3807601928711,27.421537399291992,0.5524672833738726,22.51045036315918,0.1423090277777778
7-15pixeltest5.mp4,47,1.575289477124183,89.43254089355469,46.422882080078125,0.3822797651842939,12.998358726501465,0.16949652777777777
7-15pixeltest5.mp4,48,1.608806274509804,42.830013275146484,21.86399269104004,0.3925944472905362,11.922911643981934,0.055815972222222225
7-15pixeltest5.mp4,49,1.6423230718954247,76.05632019042969,37.665096282958984,0.4493785104002275,26.873682022094727,0.1797048611111111
7-15pixeltest5.mp4,50,1.6758398692810457,68.03474426269531,44.81045150756836,0.48822708970972983,18.71506690979004,0.15635416666666666
7-15pixeltest5.mp4,51,1.7093566666666666,61.55231857299805,31.244478225708008,0.5142390900552241,17.340301513671875,0.12246527777777778
7-15pixeltest5.mp4,52,1.7428734640522876,133.8334197998047,95.04662322998047,0.20294883263265073,10.587589263916016,0.51265625
7-15pixeltest5.mp4,53,1.7763902614379083,67.28916931152344,34.76962661743164,0.47564863674644864,28.49733543395996,0.09711805555555555
7-15pixeltest5.mp4,54,1.8099070588235293,118.73744201660156,76.83470153808594,0.04756531087864263,24.71993064880371,0.4755902777777778
7-15pixeltest5.mp4,55,1.8434238562091503,4.291775703430176,3.156336784362793,0.8061323285163228,12.655689239501953,0.0
7-15pixeltest5.mp4,56,1.8769406535947712,66.56050109863281,45.06181335449219,0.4881485133308861,20.99575424194336,0.13821180555555557
7-15pixeltest5.mp4,57,1.9104574509803922,29.31780433654785,22.721961975097656,0.4609574931883142,21.602231979370117,0.014930555555555556
7-15pixeltest5.mp4,58,1.943974248366013,76.47428894042969,24.965085983276367,0.46750623642811057,20.122262954711914,0.12487847222222222
7-15pixeltest5.mp4,59,1.977491045751634,65.52345275878906,41.257423400878906,0.5025311076792761,27.603666305541992,0.10680555555555556
7-15pixeltest5.mp4,60,2.011007843137255,93.18206024169922,48.682559967041016,0.4803142483577787,19.197206497192383,0.23390625
7-15pixeltest5.mp4,61,2.0445246405228756,61.28817367553711,40.68836975097656,0.4937069208857528,25.308198928833008,0.08177083333333333
7-15pixeltest5.mp4,62,2.078041437908497,72.81509399414062,48.2469367980957,0.42023237288649035,21.193260192871094,0.11013888888888888
7-15pixeltest5.mp4,63,2.1115582352941176,70.85309600830078,35.94319534301758,0.5219902229333606,17.336917877197266,0.135
7-15pixeltest5.mp4,64,2.1450750326797383,59.04099655151367,34.68145751953125,0.48013138068512196,14.438177108764648,0.01612847222222222
7-15pixeltest5.mp4,65,2.1785918300653595,104.52877044677734,52.081016540527344,0.08349943795193661,11.40308666229248,0.3276736111111111
7-15pixeltest5.mp4,66,2.2121086274509802,69.75762176513672,36.9450798034668,0.46411982866442275,20.73678970336914,0.12418402777777778
7-15pixeltest5.mp4,67,2.2456254248366014,85.22191619873047,40.24335861206055,0.06315371756180899,15.282175064086914,0.2992534722222222
7-15pixeltest5.mp4,68,2.279142222222222,26.12038803100586,17.82443618774414,0.4012679918702118,16.328981399536133,0.0
7-15pixeltest5.mp4,69,2.312659019607843,70.7122802734375,34.286537170410156,0.5091160634868174,32.197601318359375,0.11630208333333333
7-15pixeltest5.mp4,70,2.346175816993464,53.915260314941406,47.38283920288086,0.4527014851550545,19.103487014770508,0.06225694444444444
7-15pixeltest5.mp4,71,2.379692614379085,41.00656509399414,25.88370704650879,0.4388509536864656,12.805208206176758,0.07654513888888889
7-15pixeltest5.mp4,72,2.4132094117647056,70.62076568603516,40.18178939819336,0.5398039273658196,28.11618423461914,0.15079861111111112
7-15pixeltest5.mp4,73,2.446726209150327,83.27857971191406,44.04035568237305,0.400045864300471,16.114328384399414,0.2560763888888889
7-15pixeltest5.mp4,74,2.4802430065359475,69.67560577392578,35.488853454589844,0.41268825954381544,23.518877029418945,0.12300347222222222
7-15pixeltest5.mp4,75,2.5137598039215687,94.28873443603516,75.58153533935547,0.3135167994102373,11.153733253479004,0.21055555555555555
7-15pixeltest5.mp4,76,2.5472766013071895,71.69715881347656,31.089279174804688,0.5381836135673267,24.6800537109375,0.10625
7-15pixeltest5.mp4,77,2.58079339869281,87.18036651611328,92.59508514404297,0.15607041607011626,13.341224670410156,0.22869791666666667
7-15pixeltest5.mp4,78,2.6143101960784314,67.6103515625,30.138063430786133,0.05952356077616065,17.923709869384766,0.23805555555555555
7-15pixeltest5.mp4,79,2.647826993464052,66.74714660644531,53.90618133544922,0.461335971031127,21.914796829223633,0.16791666666666666
7-15pixeltest5.mp4,80,2.6813437908496733,45.964195251464844,21.243619918823242,0.2898467502992283,12.181968688964844,0.1752951388888889
7-15pixeltest5.mp4,81,2.714860588235294,40.58647537231445,23.786415100097656,0.5411961448738148,19.251054763793945,0.0029340277777777776
7-15pixeltest5.mp4,82,2.748377385620915,68.21812438964844,47.68759536743164,0.4980694738502501,22.458837509155273,0.15529513888888888
7-15pixeltest5.mp4,83,2.781894183006536,84.77420806884766,106.52181243896484,0.39245987333969556,12.874756813049316,0.36960069444444443
7-15pixeltest5.mp4,84,2.8154109803921568,58.93539810180664,24.69598960876465,0.49024557021686405,16.14311408996582,0.10397569444444445
7-15pixeltest5.mp4,85,2.8489277777777775,68.41590881347656,42.5236701965332,0.5130919849481169,29.491662979125977,0.1254340277777778
7-15pixeltest5.mp4,86,2.8824445751633987,61.47608947753906,35.4956169128418,0.4540538890293349,21.637910842895508,0.03668402777777778
7-15pixeltest5.mp4,87,2.9159613725490194,43.876670837402344,33.24953079223633,0.4644863510847582,12.77308177947998,0.10890625
7-15pixeltest5.mp4,88,2.9494781699346406,113.45954132080078,76.24197387695312,0.17408773466836774,12.641519546508789,0.19678819444444445
7-15pixeltest5.mp4,89,2.9829949673202614,63.02895736694336,31.80391502380371,0.5096886946769277,22.304800033569336,0.043784722222222225
7-15pixeltest5.mp4,90,3.016511764705882,126.71395111083984,81.00826263427734,0.08987846255194097,12.047523498535156,0.35131944444444446
7-15pixeltest5.mp4,91,3.0500285620915033,23.302656173706055,8.10162353515625,0.04638766281411449,13.368877410888672,0.08090277777777778
7-15pixeltest5.mp4,92,3.083545359477124,64.0531005859375,44.26339340209961,0.43756443433665465,14.084519386291504,0.08899305555555556
7-15pixeltest5.mp4,93,3.1170621568627452,26.242773056030273,18.780330657958984,0.32987284782469967,18.459705352783203,8.680555555555556e-05
7-15pixeltest5.mp4,94,3.150578954248366,67.28117370605469,28.395408630371094,0.5963658542491561,22.91963768005371,0.08369791666666666
7-15pixeltest5.mp4,95,3.1840957516339867,64.5366439819336,40.25709915161133,0.40987711573427776,25.746896743774414,0.07875
7-15pixeltest5.mp4,96,3.217612549019608,73.71158599853516,35.60717010498047,0.40138407506216056,30.88103485107422,0.09788194444444444
7-15pixeltest5.mp4,97,3.2511293464052287,45.03087615966797,24.6981258392334,0.5572171391099418,24.316850662231445,0.010694444444444444
7-15pixeltest5.mp4,98,3.2846461437908494,66.83383178710938,44.3507194519043,0.4947817311440929,26.120492935180664,0.1267361111111111
7-15pixeltest5.mp4,99,3.3181629411764706,74.77626037597656,38.3783073425293,0.4524660310051972,21.38039779663086,0.166875
7-15pixeltest5.mp4,100,3.3516797385620913,64.78489685058594,42.0549201965332,0.3528000150102904,18.075828552246094,0.11118055555555556
7-15pixeltest5.mp4,101,3.3851965359477125,116.26954650878906,66.10560607910156,0.07038511570417842,15.291936874389648,0.38003472222222223
7-15pixeltest5.mp4,102,3.4187133333333333,74.9406967163086,35.444026947021484,0.44805530040020597,25.837646484375,0.14046875
7-15pixeltest5.mp4,103,3.452230130718954,91.5252914428711,76.86630249023438,0.03482704248262155,13.824023246765137,0.4907638888888889
7-15pixeltest5.mp4,104,3.485746928104575,19.16529655456543,15.921154975891113,0.2803895635503634,15.017187118530273,0.0
7-15pixeltest5.mp4,105,3.519263725490196,74.85700225830078,47.245216369628906,0.4364089831412685,21.1042537689209,0.2287326388888889
7-15pixeltest5.mp4,106,3.5527805228758167,41.562992095947266,28.993221282958984,0.46213524408302287,20.73190689086914,0.03125
7-15pixeltest5.mp4,107,3.586297320261438,52.1421012878418,20.845849990844727,0.3551928366420199,16.196903228759766,0.08510416666666666
7-15pixeltest5.mp4,108,3.6198141176470586,75.70990753173828,36.96803665161133,0.5202951954106146,20.21761131286621,0.14954861111111112
7-15pixeltest5.mp4,109,3.65333091503268,96.2499008178711,46.448368072509766,0.5341604794340036,20.540603637695312,0.23008680555555555
7-15pixeltest5.mp4,110,3.6868477124183006,70.4339599609375,34.586612701416016,0.5333414453933442,20.324411392211914,0.10213541666666667
7-15pixeltest5.mp4,111,3.7203645098039213,96.4871597290039,62.354061126708984,0.29357931129949816,14.787327766418457,0.156875
7-15pixeltest5.mp4,112,3.7538813071895425,62.11284255981445,54.264556884765625,0.49027673556949775,19.088443756103516,0.13489583333333333
7-15pixeltest5.mp4,113,3.7873981045751632,75.36951446533203,50.7802848815918,0.3066551953416661,20.37156867980957,0.03373263888888889
7-15pixeltest5.mp4,114,3.8209149019607844,83.09154510498047,40.23438262939453,0.038758786814805976,15.577048301696777,0.29125
7-15pixeltest5.mp4,115,3.854431699346405,62.86686706542969,48.573707580566406,0.5136153634349269,35.11388397216797,0.10560763888888888
7-15pixeltest5.mp4,116,3.887948496732026,62.55735397338867,25.13938331604004,0.053418925123160425,10.201263427734375,0.2229861111111111
7-15pixeltest5.mp4,117,3.921465294117647,29.533374786376953,20.394636154174805,0.3489945260501415,18.77393341064453,0.0009548611111111111
7-15pixeltest5.mp4,118,3.954982091503268,62.540279388427734,50.516822814941406,0.51178030527435,28.729354858398438,0.11682291666666667
7-15pixeltest5.mp4,119,3.9884988888888886,79.1762466430664,53.379451751708984,0.5046393897086502,17.194652557373047,0.09805555555555556
7-15pixeltest5.mp4,120,4.02201568627451,59.69533920288086,54.10798645019531,0.37757769650493805,13.385814666748047,0.19838541666666668
7-15pixeltest5.mp4,121,4.055532483660131,63.524234771728516,33.02696228027344,0.4534654793217999,33.602272033691406,0.07041666666666667
7-15pixeltest5.mp4,122,4.089049281045751,69.80709075927734,31.93241310119629,0.3989907253496743,35.89664077758789,0.09079861111111111
7-15pixeltest5.mp4,123,4.1225660784313725,45.513492584228516,18.745407104492188,0.48764787952389327,16.486305236816406,0.061788194444444444
7-15pixeltest5.mp4,124,4.156082875816994,95.02967834472656,64.11833953857422,0.2192340871353627,13.070508003234863,0.11539930555555555
7-15pixeltest5.mp4,125,4.189599673202614,69.2335433959961,33.940364837646484,0.47000409493267775,25.902509689331055,0.08817708333333334
7-15pixeltest5.mp4,126,4.223116470588235,122.33068084716797,72.85384368896484,0.3565579506867232,11.627241134643555,0.2037326388888889
7-15pixeltest5.mp4,127,4.256633267973856,41.5766716003418,18.706085205078125,0.06123389760404158,13.941208839416504,0.17147569444444444
7-15pixeltest5.mp4,128,4.290150065359477,69.50098419189453,50.012264251708984,0.4812745577977564,20.342159271240234,0.18940972222222222
7-15pixeltest5.mp4,129,4.323666862745098,32.32606887817383,16.475112915039062,0.42053205458859677,20.69525146484375,0.0428125
7-15pixeltest5.mp4,130,4.357183660130719,58.34677505493164,57.772926330566406,0.48923889645285795,21.16114616394043,0.11105902777777778
7-15pixeltest5.mp4,131,4.39070045751634,66.699462890625,56.22522735595703,0.44366288037339235,20.239551544189453,0.21293402777777778
7-15pixeltest5.mp4,132,4.4242172549019605,79.52975463867188,39.58162307739258,0.3931255861150592,14.344168663024902,0.10807291666666667
7-15pixeltest5.mp4,133,4.457734052287582,32.447181701660156,20.26361083984375,0.491251744665231,18.336849212646484,0.0
7-15pixeltest5.mp4,134,4.491250849673203,66.76470947265625,58.54529571533203,0.46321671118386376,21.582948684692383,0.22508680555555555
7-15pixeltest5.mp4,135,4.524767647058823,69.01074981689453,39.83377456665039,0.47347249921813356,29.203020095825195,0.12894097222222223
7-15pixeltest5.mp4,136,4.558284444444444,68.33155059814453,29.84027862548828,0.5095727922043145,14.253290176391602,0.13550347222222223
7-15pixeltest5.mp4,137,4.5918012418300655,123.53648376464844,75.98102569580078,0.06422228312612178,12.537303924560547,0.3007986111111111
7-15pixeltest5.mp4,138,4.625318039215686,65.23633575439453,49.85556411743164,0.4821608751022582,21.79128074645996,0.13526041666666666
7-15pixeltest5.mp4,139,4.658834836601307,106.25592041015625,82.30815887451172,0.040552953484377485,9.475918769836426,0.4768576388888889
7-15pixeltest5.mp4,140,4.692351633986928,7.327380657196045,7.257959842681885,0.15013610597960914,10.980998992919922,0.0
7-15pixeltest5.mp4,141,4.7258684313725485,66.787841796875,49.01262283325195,0.5153856172921741,20.206201553344727,0.15550347222222222
7-15pixeltest5.mp4,142,4.75938522875817,29.134746551513672,24.416467666625977,0.3546340481427329,21.529226303100586,0.013628472222222222
7-15pixeltest5.mp4,143,4.792902026143791,65.65576171875,36.34905242919922,0.4043440040307189,16.50374412536621,0.11852430555555556
7-15pixeltest5.mp4,144,4.826418823529411,65.82584381103516,41.610206604003906,0.5222537547496238,21.650798797607422,0.09022569444444445
7-15pixeltest5.mp4,145,4.859935620915032,87.3050537109375,93.9041519165039,0.4021716060698191,13.078802108764648,0.3359027777777778
7-15pixeltest5.mp4,146,4.893452418300654,59.70378875732422,41.345035552978516,0.5039707830459511,30.342391967773438,0.059444444444444446
7-15pixeltest5.mp4,147,4.926969215686275,76.09200286865234,44.60685729980469,0.45633880894828877,18.508485794067383,0.07194444444444445
7-15pixeltest5.mp4,148,4.960486013071895,62.41166687011719,56.69123077392578,0.47112511853150274,25.807008743286133,0.1307638888888889
7-15pixeltest5.mp4,149,4.994002810457516,58.067447662353516,35.00276184082031,0.347173541479075,17.666542053222656,0.0
7-15pixeltest5.mp4,150,5.0275196078431375,84.91536712646484,79.92552185058594,0.037971541390079085,14.47402572631836,0.4327083333333333
7-15pixeltest5.mp4,151,5.061036405228758,62.594261169433594,44.328369140625,0.42346116441275283,23.03404426574707,0.08642361111111112
7-15pixeltest5.mp4,152,5.094553202614379,73.39495849609375,45.27705001831055,0.03727222392342085,9.70273208618164,0.29265625
7-15pixeltest5.mp4,153,5.12807,25.10560417175293,27.472030639648438,0.36617240594729733,20.937299728393555,0.004097222222222223
7-15pixeltest5.mp4,154,5.16158679738562,63.59586715698242,41.16754150390625,0.44185185109841263,36.65253448486328,0.08071180555555556
7-15pixeltest5.mp4,155,5.195103594771242,59.47740936279297,39.91824722290039,0.4390538819387294,18.059064865112305,0.03048611111111111
7-15pixeltest5.mp4,156,5.228620392156863,44.03192138671875,38.40013122558594,0.4301771428670484,11.946560859680176,0.08986111111111111
7-15pixeltest5.mp4,157,5.262137189542483,63.810176849365234,41.27737045288086,0.44813828931929467,24.756378173828125,0.08118055555555556
7-15pixeltest5.mp4,158,5.295653986928104,72.75570678710938,35.95875930786133,0.49194648298903904,21.152563095092773,0.12777777777777777
7-15pixeltest5.mp4,159,5.3291707843137255,61.049747467041016,33.00780487060547,0.3966246106545614,19.922924041748047,0.10993055555555556
7-15pixeltest5.mp4,160,5.362687581699347,91.62381744384766,53.22077178955078,0.33260226352378913,13.31103229522705,0.0640451388888889
7-15pixeltest5.mp4,161,5.396204379084967,70.6380386352539,40.439781188964844,0.46645460568244507,21.58615493774414,0.11230902777777778
7-15pixeltest5.mp4,162,5.429721176470588,96.19998931884766,67.35433959960938,0.2755037966412861,20.459491729736328,0.08732638888888888
7-15pixeltest5.mp4,163,5.463237973856209,57.0559196472168,28.70684814453125,0.050862169484287637,16.575395584106445,0.18940972222222222
7-15pixeltest5.mp4,164,5.49675477124183,69.49250793457031,51.62717819213867,0.4408173876664991,12.367353439331055,0.1601736111111111
7-15pixeltest5.mp4,165,5.530271568627451,39.863094329833984,19.766441345214844,0.3026351570583107,15.492740631103516,0.12710069444444444
7-15pixeltest5.mp4,166,5.563788366013072,43.710723876953125,47.6086540222168,0.44896678021263137,20.81407356262207,0.05994791666666666
7-15pixeltest5.mp4,167,5.597305163398692,71.58189392089844,34.535831451416016,0.5114533155630939,15.798048973083496,0.11043402777777778
7-15pixeltest5.mp4,168,5.6308219607843135,91.37504577636719,47.56974792480469,0.4125590979471485,18.414770126342773,0.11362847222222222
7-15pixeltest5.mp4,169,5.664338758169935,48.777305603027344,25.448749542236328,0.4199714356993607,13.911099433898926,0.06803819444444445
7-15pixeltest5.mp4,170,5.697855555555555,66.4209976196289,49.52600860595703,0.5114084603475204,25.798852920532227,0.12338541666666666
7-15pixeltest5.mp4,171,5.731372352941176,60.24871063232422,42.82890701293945,0.4807188922945042,23.007699966430664,0.0640625
7-15pixeltest6.mp4,0,0.0,69.67697143554688,60.76182174682617,0.5510680848657954,22.514633178710938,0.28024305555555556
7-15pixeltest6.mp4,1,0.03332335329341317,69.67697143554688,60.76182174682617,0.5510680848657954,22.514633178710938,0.28024305555555556
7-15pixeltest6.mp4,2,0.06664670658682634,69.67697143554688,60.76182174682617,0.5510680848657954,22.514633178710938,0.28024305555555556
7-15pixeltest6.mp4,3,0.09997005988023952,63.02155685424805,63.00340270996094,0.5426247417630987,14.294129371643066,0.21130208333333333
7-15pixeltest6.mp4,4,0.13329341317365268,66.63082122802734,74.09990692138672,0.21720856130016286,9.49573802947998,0.2023611111111111
7-15pixeltest6.mp4,5,0.16661676646706586,85.22772216796875,61.84396743774414,0.04639604078249598,6.335917949676514,0.37211805555555555
7-15pixeltest6.mp4,6,0.19994011976047904,52.404930114746094,63.997013092041016,0.46453402549351674,17.108905792236328,0.1175
7-15pixeltest6.mp4,7,0.2332634730538922,63.40034103393555,48.875484466552734,0.05991994806657378,10.057729721069336,0.3542708333333333
7-15pixeltest6.mp4,8,0.26658682634730535,25.64820098876953,20.203134536743164,0.39608767603925515,21.75465202331543,0.022378472222222223
7-15pixeltest6.mp4,9,0.29991017964071853,54.849613189697266,55.85557174682617,0.4471682738824551,13.714309692382812,0.09616319444444445
7-15pixeltest6.mp4,10,0.3332335329341317,64.4925537109375,53.104549407958984,0.5520978186616259,16.363712310791016,0.07777777777777778
7-15pixeltest6.mp4,11,0.3665568862275449,52.821109771728516,32.09194564819336,0.513814041786947,10.267047882080078,0.06496527777777777
7-15pixeltest6.mp4,12,0.3998802395209581,51.856075286865234,66.06399536132812,0.4232421309625055,14.630552291870117,0.10696180555555555
7-15pixeltest6.mp4,13,0.4332035928143712,65.07039642333984,39.13619613647461,0.5249719326265909,17.4447078704834,0.11227430555555555
7-15pixeltest6.mp4,14,0.4665269461077844,48.925819396972656,28.837509155273438,0.4492920705628928,17.244892120361328,0.08678819444444444
7-15pixeltest6.mp4,15,0.4998502994011976,76.68157958984375,79.51612854003906,0.32760267595470005,14.732502937316895,0.13541666666666666
7-15pixeltest6.mp4,16,0.5331736526946107,62.44419860839844,42.58742141723633,0.49224187598702057,15.208563804626465,0.10262152777777778
7-15pixeltest6.mp4,17,0.5664970059880239,99.88604736328125,62.81494903564453,0.27517032383384604,10.022025108337402,0.12751736111111112
7-15pixeltest6.mp4,18,0.5998203592814371,44.384220123291016,28.71683120727539,0.07435934348586268,10.072097778320312,0.14081597222222222
7-15pixeltest6.mp4,19,0.6331437125748502,56.707435607910156,59.17975616455078,0.4705955558438489,17.666484832763672,0.1618923611111111
7-15pixeltest6.mp4,20,0.6664670658682634,30.725202560424805,21.39065933227539,0.35378842089093104,20.184656143188477,0.07489583333333333
7-15pixeltest6.mp4,21,0.6997904191616766,42.839317321777344,40.89459991455078,0.478427934466835,17.92987632751465,0.04161458333333334
7-15pixeltest6.mp4,22,0.7331137724550898,57.011383056640625,54.516883850097656,0.47086238473360653,20.054000854492188,0.14243055555555556
7-15pixeltest6.mp4,23,0.766437125748503,68.28262329101562,51.11821365356445,0.40681400060548195,18.24869728088379,0.09338541666666667
7-15pixeltest6.mp4,24,0.7997604790419162,32.65910720825195,22.952648162841797,0.5313739593402614,14.984490394592285,0.035590277777777776
7-15pixeltest6.mp4,25,0.8330838323353293,53.29249954223633,63.28773498535156,0.4021443074924582,24.11503791809082,0.15100694444444446
7-15pixeltest6.mp4,26,0.8664071856287424,49.569496154785156,49.82112121582031,0.4908184282634702,15.75903606414795,0.06824652777777777
7-15pixeltest6.mp4,27,0.8997305389221556,45.42073059082031,35.245330810546875,0.4524665271942724,15.357085227966309,0.05607638888888889
7-15pixeltest6.mp4,28,0.9330538922155688,100.78365325927734,96.5633773803711,0.3165783242368868,8.967879295349121,0.20769097222222221
7-15pixeltest6.mp4,29,0.966377245508982,47.58313751220703,56.353126525878906,0.45998023106843533,21.48811149597168,0.08180555555555556
7-15pixeltest6.mp4,30,0.9997005988023951,90.56324768066406,75.57269287109375,0.051815492482768406,10.161683082580566,0.20755208333333333
7-15pixeltest6.mp4,31,1.0330239520958082,3.340878963470459,3.449305534362793,2.1554108290925313,7.2760419845581055,0.0
7-15pixeltest6.mp4,32,1.0663473053892214,49.434478759765625,49.33479309082031,0.4578555835095788,18.090116500854492,0.08831597222222222
7-15pixeltest6.mp4,33,1.0996706586826346,20.775333404541016,25.223176956176758,0.3541361653023692,17.156415939331055,0.028524305555555556
7-15pixeltest6.mp4,34,1.1329940119760478,57.403289794921875,41.22120666503906,0.47757116129663024,21.345745086669922,0.09112847222222223
7-15pixeltest6.mp4,35,1.166317365269461,46.17345428466797,67.99516296386719,0.5063319403082853,31.285720825195312,0.13967013888888888
7-15pixeltest6.mp4,36,1.1996407185628741,70.79182434082031,61.473854064941406,0.43886859475586965,21.898521423339844,0.16190972222222222
7-15pixeltest6.mp4,37,1.2329640718562873,42.00868606567383,67.49081420898438,0.43713649055458553,22.131799697875977,0.12678819444444445
7-15pixeltest6.mp4,38,1.2662874251497005,56.83858871459961,55.93917465209961,0.4300768985507989,19.397764205932617,0.08015625
7-15pixeltest6.mp4,39,1.2996107784431137,57.984283447265625,52.17573928833008,0.4934205812493681,18.142763137817383,0.11121527777777777
7-15pixeltest6.mp4,40,1.3329341317365269,50.23384475708008,43.207794189453125,0.3662266835522015,13.75974178314209,0.017447916666666667
7-15pixeltest6.mp4,41,1.36625748502994,89.12017059326172,74.67817687988281,0.05817971419758801,13.038372039794922,0.2869791666666667
7-15pixeltest6.mp4,42,1.3995808383233532,62.4427490234375,43.2659912109375,0.5116226409115195,21.7570743560791,0.11065972222222223
7-15pixeltest6.mp4,43,1.4329041916167664,79.2552719116211,53.05611801147461,0.04921368912613242,10.344386100769043,0.31197916666666664
7-15pixeltest6.mp4,44,1.4662275449101796,24.605865478515625,27.151172637939453,0.4258445772563632,26.802459716796875,0.020381944444444446
7-15pixeltest6.mp4,45,1.4995508982035928,71.14193725585938,34.60115432739258,0.5360865625871921,21.633140563964844,0.1337326388888889
7-15pixeltest6.mp4,46,1.532874251497006,52.58488845825195,64.12089538574219,0.45268091631578744,15.020730018615723,0.17809027777777778
7-15pixeltest6.mp4,47,1.5661976047904191,43.39460754394531,27.982057571411133,0.45609782415908257,12.139063835144043,0.141875
7-15pixeltest6.mp4,48,1.5995209580838323,72.85647583007812,50.231781005859375,0.5391874572818965,16.988903045654297,0.2349826388888889
7-15pixeltest6.mp4,49,1.6328443113772455,89.90180206298828,32.113670349121094,0.4798300844423295,15.771638870239258,0.34967013888888887
7-15pixeltest6.mp4,50,1.6661676646706587,77.4598617553711,21.044775009155273,0.48233486682484644,17.536479949951172,0.23473958333333333
7-15pixeltest6.mp4,51,1.6994910179640716,102.44861602783203,71.75511169433594,0.27118217695662344,12.090720176696777,0.3287326388888889
7-15pixeltest6.mp4,52,1.7328143712574848,78.28831481933594,22.20978355407715,0.6276380667150445,27.913427352905273,0.20071180555555557
7-15pixeltest6.mp4,53,1.766137724550898,100.40345764160156,77.45664978027344,0.1153465479493025,11.259678840637207,0.3955902777777778
7-15pixeltest6.mp4,54,1.7994610778443112,72.7333755493164,20.125686645507812,0.09897128043272758,10.422112464904785,0.31809027777777776
7-15pixeltest6.mp4,55,1.8327844311377244,68.34666442871094,59.25973129272461,0.46571262954070625,24.506319046020508,0.23645833333333333
7-15pixeltest6.mp4,56,1.8661077844311376,48.75360107421875,15.683897972106934,0.2728971065842394,19.806291580200195,0.18465277777777778
7-15pixeltest6.mp4,57,1.8994311377245507,46.012481689453125,17.42568588256836,0.6314613124524562,22.080711364746094,0.07487847222222223
7-15pixeltest6.mp4,58,1.932754491017964,75.90156555175781,30.95368003845215,0.5848351922165437,21.48342514038086,0.22477430555555555
7-15pixeltest6.mp4,59,1.966077844311377,106.60899353027344,43.211856842041016,0.40793502983099883,13.382099151611328,0.2691840277777778
7-15pixeltest6.mp4,60,1.9994011976047903,65.5100326538086,15.737360954284668,0.5825485441586012,18.517000198364258,0.16883680555555555
7-15pixeltest6.mp4,61,2.0327245508982035,73.97216796875,37.137298583984375,0.5210122328133914,20.212800979614258,0.22260416666666666
7-15pixeltest6.mp4,62,2.0660479041916164,62.35065460205078,67.99363708496094,0.42636255529283423,22.1932315826416,0.22847222222222222
7-15pixeltest6.mp4,63,2.09937125748503,47.34309768676758,21.437274932861328,0.620552288543376,11.163793563842773,0.15008680555555556
7-15pixeltest6.mp4,64,2.132694610778443,122.32212829589844,77.64869689941406,0.1108750024855616,9.077400207519531,0.5126215277777778
7-15pixeltest6.mp4,65,2.166017964071856,69.34291076660156,22.029279708862305,0.6433370804292825,20.21872329711914,0.11895833333333333
7-15pixeltest6.mp4,66,2.199341317365269,124.19397735595703,94.87252807617188,0.06807134485074423,14.576358795166016,0.4722395833333333
7-15pixeltest6.mp4,67,2.2326646706586826,23.837392807006836,7.540460109710693,0.06439698744894742,9.543241500854492,0.07592013888888889
7-15pixeltest6.mp4,68,2.2659880239520955,69.7403335571289,32.893402099609375,0.5627649398074057,16.572696685791016,0.17456597222222223
7-15pixeltest6.mp4,69,2.299311377245509,27.85555076599121,19.16024398803711,0.47920979956610826,24.54633140563965,0.019461805555555555
7-15pixeltest6.mp4,70,2.332634730538922,69.04093170166016,28.415443420410156,0.5253013311048258,21.090185165405273,0.14131944444444444
7-15pixeltest6.mp4,71,2.3659580838323353,68.13886260986328,33.87812423706055,0.5111322027745561,30.38134002685547,0.13930555555555554
7-15pixeltest6.mp4,72,2.3992814371257483,75.63534545898438,31.43157958984375,0.5024645297973813,18.98051643371582,0.23774305555555555
7-15pixeltest6.mp4,73,2.4326047904191617,47.01631546020508,20.76795196533203,0.563833904174528,16.270349502563477,0.07418402777777777
7-15pixeltest6.mp4,74,2.4659281437125746,67.78119659423828,37.53760528564453,0.4743608239221435,26.60677719116211,0.16203125
7-15pixeltest6.mp4,75,2.499251497005988,72.10836029052734,43.4835319519043,0.45690856787707296,26.09344482421875,0.23375
7-15pixeltest6.mp4,76,2.532574850299401,61.583282470703125,43.317440032958984,0.4040788688915688,19.7785587310791,0.13927083333333334
7-15pixeltest6.mp4,77,2.5658982035928144,111.63446044921875,66.6182632446289,0.03497468366265033,10.563759803771973,0.46447916666666667
7-15pixeltest6.mp4,78,2.5992215568862274,65.50447845458984,58.817352294921875,0.4650283701233547,18.26564598083496,0.23600694444444445
7-15pixeltest6.mp4,79,2.6325449101796408,87.86354064941406,68.19192504882812,0.032436363307318604,27.637405395507812,0.3826215277777778
7-15pixeltest6.mp4,80,2.6658682634730537,17.357755661010742,23.684036254882812,0.22226736482409012,14.892659187316895,0.021319444444444443
7-15pixeltest6.mp4,81,2.699191616766467,68.2709732055664,48.18225860595703,0.5160331093545053,24.40081214904785,0.20831597222222223
7-15pixeltest6.mp4,82,2.73251497005988,39.52253723144531,27.706544876098633,0.5251310221890767,21.783437728881836,0.05279513888888889
7-15pixeltest6.mp4,83,2.765838323353293,48.70045471191406,22.790164947509766,0.4036664434810156,13.400408744812012,0.12793402777777776
7-15pixeltest6.mp4,84,2.7991616766467065,68.826416015625,41.42558288574219,0.45783344771044293,21.719892501831055,0.18138888888888888
7-15pixeltest6.mp4,85,2.8324850299401194,89.51888275146484,43.90163040161133,0.43286651311592755,17.06010627746582,0.2279861111111111
7-15pixeltest6.mp4,86,2.865808383233533,63.477134704589844,42.42007827758789,0.4844057760568204,31.886951446533203,0.13366319444444444
7-15pixeltest6.mp4,87,2.899131736526946,84.57819366455078,75.20237731933594,0.2934226416441432,14.616127967834473,0.16899305555555555
7-15pixeltest6.mp4,88,2.932455089820359,58.57308578491211,46.1310920715332,0.47766241858642,20.072477340698242,0.09866319444444445
7-15pixeltest6.mp4,89,2.965778443113772,65.8225326538086,77.17230224609375,0.24623161796003984,15.967827796936035,0.17241319444444445
7-15pixeltest6.mp4,90,2.9991017964071855,76.81468200683594,45.741641998291016,0.03979565795086492,19.956823348999023,0.2841666666666667
7-15pixeltest6.mp4,91,3.0324251497005985,48.80635070800781,84.40808868408203,0.5060195464771464,26.365331649780273,0.241875
7-15pixeltest6.mp4,92,3.065748502994012,56.083553314208984,37.41232681274414,0.06609165120255861,10.455423355102539,0.25244791666666666
7-15pixeltest6.mp4,93,3.099071856287425,25.585186004638672,32.03936767578125,0.3724660485360003,18.718229293823242,0.05671875
7-15pixeltest6.mp4,94,3.1323952095808383,56.974308013916016,58.33943557739258,0.508730669903574,37.497352600097656,0.14958333333333335
7-15pixeltest6.mp4,95,3.1657185628742512,72.44556427001953,63.18811798095703,0.4363968062730038,17.051513671875,0.12817708333333333
7-15pixeltest6.mp4,96,3.1990419161676646,54.44322967529297,61.0439567565918,0.4175499134683088,10.968864440917969,0.19866319444444444
7-15pixeltest6.mp4,97,3.2323652694610776,59.50787353515625,47.21260452270508,0.482890476817193,22.4439697265625,0.11461805555555556
7-15pixeltest6.mp4,98,3.265688622754491,67.36673736572266,34.809452056884766,0.507495861510734,20.299575805664062,0.1146875
7-15pixeltest6.mp4,99,3.299011976047904,44.574256896972656,23.301631927490234,0.358700168153296,11.696282386779785,0.07996527777777777
7-15pixeltest6.mp4,100,3.3323353293413174,86.00691223144531,87.96591186523438,0.12291114848130791,10.804142951965332,0.24269097222222222
7-15pixeltest6.mp4,101,3.3656586826347303,64.71249389648438,47.09380340576172,0.426459031718153,16.728565216064453,0.13960069444444445
7-15pixeltest6.mp4,102,3.3989820359281433,116.83360290527344,94.5821533203125,0.27495535588466435,8.057512283325195,0.3683854166666667
7-15pixeltest6.mp4,103,3.4323053892215567,40.43280792236328,20.433263778686523,0.0729875099070169,21.166906356811523,0.15335069444444444
7-15pixeltest6.mp4,104,3.4656287425149697,67.94696044921875,48.473968505859375,0.4891686824302581,19.774202346801758,0.18744791666666666
7-15pixeltest6.mp4,105,3.498952095808383,29.244487762451172,31.572717666625977,0.34559697111728394,16.004714965820312,0.08319444444444445
7-15pixeltest6.mp4,106,3.532275449101796,57.69123077392578,52.045562744140625,0.4662061553736353,24.71412467956543,0.11467013888888888
7-15pixeltest6.mp4,107,3.5655988023952094,66.83641052246094,56.75917434692383,0.46203365360269183,23.616086959838867,0.21371527777777777
7-15pixeltest6.mp4,108,3.5989221556886224,79.46992492675781,44.99986267089844,0.33305569847470023,20.659574508666992,0.17239583333333333
7-15pixeltest6.mp4,109,3.632245508982036,32.917850494384766,25.44710922241211,0.4353052137403656,18.24568748474121,0.03699652777777778
7-15pixeltest6.mp4,110,3.6655688622754488,68.12713623046875,55.40763854980469,0.48587796547373063,24.99345588684082,0.2231423611111111
7-15pixeltest6.mp4,111,3.698892215568862,69.68836975097656,45.58418273925781,0.5454022959558702,36.79985809326172,0.19583333333333333
7-15pixeltest6.mp4,112,3.732215568862275,69.84610748291016,32.893184661865234,0.46987402551298546,19.05651092529297,0.15237847222222223
7-15pixeltest6.mp4,113,3.7655389221556885,123.81640625,94.0767822265625,0.06582474926719317,9.877157211303711,0.5084027777777778
7-15pixeltest6.mp4,114,3.7988622754491015,68.9080810546875,44.6942024230957,0.5092918108067558,20.08452606201172,0.18942708333333333
7-15pixeltest6.mp4,115,3.832185628742515,113.39383697509766,61.983489990234375,0.040443189798066506,11.661519050598145,0.47149305555555554
7-15pixeltest6.mp4,116,3.865508982035928,7.921863079071045,8.887734413146973,0.13904395360722988,11.049181938171387,0.0
7-15pixeltest6.mp4,117,3.8988323353293413,70.6550521850586,40.35557174682617,0.508052903579505,23.912113189697266,0.19348958333333333
7-15pixeltest6.mp4,118,3.932155688622754,31.039487838745117,22.216163635253906,0.34741531822707683,21.669111251831055,0.04296875
7-15pixeltest6.mp4,119,3.9654790419161676,70.69794464111328,26.334123611450195,0.500427045485505,14.031295776367188,0.2179340277777778
7-15pixeltest6.mp4,120,3.9988023952095806,70.42717742919922,34.069454193115234,0.5372736498416042,23.561384201049805,0.16890625
7-15pixeltest6.mp4,121,4.0321257485029935,93.7818603515625,84.45645904541016,0.41572568133424326,14.202016830444336,0.4038541666666667
7-15pixeltest6.mp4,122,4.065449101796407,64.8079833984375,41.85752487182617,0.49733706731234345,22.142271041870117,0.15609375
7-15pixeltest6.mp4,123,4.09877245508982,79.0489730834961,59.04296112060547,0.4749969162075348,18.111135482788086,0.21762152777777777
7-15pixeltest6.mp4,124,4.132095808383233,66.1712646484375,52.72453308105469,0.4784521223094086,18.954959869384766,0.21885416666666666
7-15pixeltest6.mp4,125,4.165419161676646,60.25032424926758,51.973331451416016,0.29129746298047476,14.119247436523438,0.11498263888888889
7-15pixeltest6.mp4,126,4.19874251497006,91.95258331298828,69.89470672607422,0.03315854900195096,21.263378143310547,0.45600694444444445
7-15pixeltest6.mp4,127,4.232065868263473,67.82767486572266,39.93037414550781,0.4241602906002402,20.10472869873047,0.14869791666666668
7-15pixeltest6.mp4,128,4.265389221556886,79.13887786865234,32.096309661865234,0.049482576467964334,7.999349117279053,0.33361111111111114
7-15pixeltest6.mp4,129,4.298712574850299,27.69426155090332,24.183732986450195,0.4233671987506879,19.068206787109375,0.039809027777777777
7-15pixeltest6.mp4,130,4.332035928143712,67.66315460205078,33.44768142700195,0.4717188663347345,20.47913932800293,0.12538194444444445
7-15pixeltest6.mp4,131,4.365359281437126,54.54829788208008,79.212646484375,0.44246451575582313,18.318492889404297,0.2265798611111111
7-15pixeltest6.mp4,132,4.398682634730538,47.332637786865234,27.490537643432617,0.5183172485162448,17.42469596862793,0.11857638888888888
7-15pixeltest6.mp4,133,4.432005988023952,65.37199401855469,47.588375091552734,0.4405508287357123,20.359498977661133,0.13690972222222222
7-15pixeltest6.mp4,134,4.465329341317365,74.27112579345703,41.10184097290039,0.4456500132692488,21.216657638549805,0.19446180555555556
7-15pixeltest6.mp4,135,4.4986526946107785,64.36073303222656,36.825477600097656,0.3635297641927275,14.387215614318848,0.19774305555555555
7-15pixeltest6.mp4,136,4.531976047904191,90.5479965209961,84.86985778808594,0.25669617587941157,11.902878761291504,0.2911284722222222
7-15pixeltest6.mp4,137,4.5652994011976045,73.36804962158203,39.614601135253906,0.4697569362880847,19.266586303710938,0.16821180555555557
7-15pixeltest6.mp4,138,4.598622754491018,98.14509582519531,78.70308685302734,0.23754709619938424,17.484588623046875,0.22392361111111111
7-15pixeltest6.mp4,139,4.631946107784431,58.89126205444336,27.242483139038086,0.07136649287395397,10.508519172668457,0.2031423611111111
7-15pixeltest6.mp4,140,4.665269461077844,71.92176818847656,48.36281967163086,0.41811811511839553,11.93181324005127,0.20940972222222223
7-15pixeltest6.mp4,141,4.698592814371257,39.14031219482422,23.189973831176758,0.3804815401298985,19.552316665649414,0.1484201388888889
7-15pixeltest6.mp4,142,4.731916167664671,46.368408203125,37.55033874511719,0.4451705005394811,21.225021362304688,0.062413194444444445
7-15pixeltest6.mp4,143,4.765239520958083,68.70856475830078,56.47990417480469,0.4652608286408887,12.164742469787598,0.22664930555555557
7-15pixeltest6.mp4,144,4.7985628742514965,91.91009521484375,57.536598205566406,0.4141347833118529,12.127583503723145,0.20814236111111112
7-15pixeltest6.mp4,145,4.83188622754491,50.50579833984375,25.891162872314453,0.4541547959182287,15.445060729980469,0.08680555555555555
7-15pixeltest6.mp4,146,4.865209580838323,62.09257507324219,73.61378479003906,0.4792437842668799,19.038616180419922,0.2997916666666667
7-15pixeltest6.mp4,147,4.898532934131736,61.612979888916016,38.39595413208008,0.4866742712223347,23.877666473388672,0.07935763888888889
7-15pixeltest6.mp4,148,4.931856287425149,46.387908935546875,46.67013931274414,0.4283817858220462,14.038673400878906,0.1293402777777778
7-15pixeltest6.mp4,149,4.965179640718563,115.8034896850586,108.130615234375,0.26770226098666206,9.71434497833252,0.3898611111111111
7-15pixeltest6.mp4,150,4.998502994011976,60.71780776977539,41.65232467651367,0.546167423349998,26.562931060791016,0.0792361111111111
7-15pixeltest6.mp4,151,5.031826347305389,108.01516723632812,115.78347778320312,0.03708691659200585,12.06606674194336,0.5590277777777778
7-15pixeltest6.mp4,152,5.065149700598802,13.082045555114746,6.315867900848389,0.06977939803063599,8.512076377868652,0.04131944444444444
7-15pixeltest6.mp4,153,5.098473053892215,59.64351272583008,47.14057159423828,0.4883088750404366,21.164045333862305,0.10157986111111111
7-15pixeltest6.mp4,154,5.131796407185629,25.850244522094727,23.100685119628906,0.40110973256987165,17.577919006347656,0.015
7-15pixeltest6.mp4,155,5.165119760479041,59.85890579223633,69.21227264404297,0.505362943796685,17.84210968017578,0.20975694444444445
7-15pixeltest6.mp4,156,5.198443113772455,53.09787368774414,70.05618286132812,0.47792497679140755,21.908567428588867,0.17107638888888888
7-15pixeltest6.mp4,157,5.231766467065868,74.40978240966797,56.05867004394531,0.46137546704768373,14.789619445800781,0.15670138888888888
7-15pixeltest6.mp4,158,5.2650898203592815,42.930824279785156,66.39535522460938,0.4491651993839829,18.574420928955078,0.14871527777777777
7-15pixeltest6.mp4,159,5.298413173652694,58.124977111816406,52.14474868774414,0.45352062126218834,19.649599075317383,0.08276041666666667
7-15pixeltest6.mp4,160,5.3317365269461074,68.57750701904297,42.161346435546875,0.43385719876529016,22.90947151184082,0.15131944444444445
7-15pixeltest6.mp4,161,5.365059880239521,56.76828384399414,55.83906936645508,0.3681314268471772,15.14819622039795,0.1488715277777778
7-15pixeltest6.mp4,162,5.398383233532934,97.52110290527344,90.95245361328125,0.046805724713528424,10.08207893371582,0.4128298611111111
7-15pixeltest6.mp4,163,5.431706586826347,64.70113372802734,59.25575637817383,0.4618185539951232,18.79733657836914,0.21340277777777777
7-15pixeltest6.mp4,164,5.46502994011976,77.7213134765625,81.85098266601562,0.03488063399621402,11.430448532104492,0.43866319444444446
7-15pixeltest6.mp4,165,5.498353293413174,22.96271324157715,20.20222282409668,0.245357039012069,16.389192581176758,0.0005729166666666667
7-15pixeltest6.mp4,166,5.531676646706586,65.24142456054688,56.10373306274414,0.4269092960652432,19.175451278686523,0.19368055555555555
7-15pixeltest6.mp4,167,5.5649999999999995,43.438697814941406,37.116050720214844,0.49764016827810126,22.04509735107422,0.03814236111111111
7-15pixeltest6.mp4,168,5.598323353293413,37.45977020263672,36.700050354003906,0.3665545411219558,12.785387992858887,0.11104166666666666
