raw_file,packet_index,start_time_s,symbols_scored,symbol_errors,symbol_match_rate,edge_errors,edge_match_rate,signed_edges_scored,signed_edge_errors,signed_edge_accuracy
evk4_7-9packet_2000sym.raw,0,0.020575,48,31,0.35416666666666663,34,0.29166666666666663,7,5,0.2857142857142857
evk4_7-9packet_2000sym.raw,1,0.044575000000000004,48,29,0.39583333333333337,36,0.25,5,3,0.4
evk4_7-9packet_2000sym.raw,2,0.068575,48,27,0.4375,34,0.29166666666666663,6,3,0.5
evk4_7-9packet_2000sym.raw,3,0.092575,48,29,0.39583333333333337,34,0.29166666666666663,7,3,0.5714285714285714
evk4_7-9packet_2000sym.raw,4,0.116575,48,26,0.45833333333333337,34,0.29166666666666663,7,3,0.5714285714285714
evk4_7-9packet_2000sym.raw,5,0.140575,48,30,0.375,37,0.22916666666666663,5,3,0.4
evk4_7-9packet_2000sym.raw,6,0.16457500000000003,48,28,0.41666666666666663,34,0.29166666666666663,7,3,0.5714285714285714
evk4_7-9packet_2000sym.raw,7,0.18857500000000002,48,26,0.45833333333333337,31,0.35416666666666663,8,3,0.625
evk4_7-9packet_2000sym.raw,8,0.21257500000000001,48,27,0.4375,32,0.33333333333333337,10,3,0.7
evk4_7-9packet_2000sym.raw,9,0.236575,48,28,0.41666666666666663,30,0.375,11,3,0.7272727272727273
evk4_7-9packet_2000sym.raw,10,0.260575,48,26,0.45833333333333337,27,0.4375,13,3,0.7692307692307692
evk4_7-9packet_2000sym.raw,11,0.284575,48,27,0.4375,28,0.41666666666666663,13,3,0.7692307692307692
evk4_7-9packet_2000sym.raw,12,0.30857500000000004,48,26,0.45833333333333337,28,0.41666666666666663,13,3,0.7692307692307692
evk4_7-9packet_2000sym.raw,13,0.332575,48,26,0.45833333333333337,28,0.41666666666666663,13,3,0.7692307692307692
evk4_7-9packet_2000sym.raw,14,0.35657500000000003,48,26,0.45833333333333337,26,0.45833333333333337,13,3,0.7692307692307692
evk4_7-9packet_2000sym.raw,15,0.380575,48,26,0.45833333333333337,25,0.47916666666666663,14,3,0.7857142857142857
evk4_7-9packet_2000sym.raw,16,0.404575,48,26,0.45833333333333337,26,0.45833333333333337,14,3,0.7857142857142857
evk4_7-9packet_2000sym.raw,17,0.42857500000000004,48,26,0.45833333333333337,25,0.47916666666666663,14,3,0.7857142857142857
evk4_7-9packet_2000sym.raw,18,0.452575,48,27,0.4375,28,0.41666666666666663,13,2,0.8461538461538461
evk4_7-9packet_2000sym.raw,19,0.476575,48,26,0.45833333333333337,27,0.4375,13,2,0.8461538461538461
evk4_7-9packet_2000sym.raw,20,0.500575,48,26,0.45833333333333337,26,0.45833333333333337,14,3,0.7857142857142857
evk4_7-9packet_2000sym.raw,21,0.524575,48,25,0.47916666666666663,25,0.47916666666666663,14,2,0.8571428571428572
evk4_7-9packet_2000sym.raw,22,0.548575,48,26,0.45833333333333337,26,0.45833333333333337,13,2,0.8461538461538461
evk4_7-9packet_2000sym.raw,23,0.5725750000000001,48,25,0.47916666666666663,26,0.45833333333333337,14,2,0.8571428571428572
evk4_7-9packet_2000sym.raw,24,0.5965750000000001,48,24,0.5,26,0.45833333333333337,13,1,0.9230769230769231
evk4_7-9packet_2000sym.raw,25,0.620575,48,20,0.5833333333333333,27,0.4375,13,0,1.0
evk4_7-9packet_2000sym.raw,26,0.644575,48,20,0.5833333333333333,26,0.45833333333333337,13,0,1.0
evk4_7-9packet_2000sym.raw,27,0.668575,48,19,0.6041666666666667,25,0.47916666666666663,14,0,1.0
evk4_7-9packet_2000sym.raw,28,0.692575,48,19,0.6041666666666667,26,0.45833333333333337,13,0,1.0
evk4_7-9packet_2000sym.raw,29,0.7165750000000001,48,20,0.5833333333333333,27,0.4375,13,0,1.0
evk4_7-9packet_2000sym.raw,30,0.740575,48,19,0.6041666666666667,26,0.45833333333333337,14,0,1.0
evk4_7-9packet_2000sym.raw,31,0.764575,48,17,0.6458333333333333,23,0.5208333333333333,16,0,1.0
evk4_7-9packet_2000sym.raw,32,0.788575,48,19,0.6041666666666667,26,0.45833333333333337,14,0,1.0
evk4_7-9packet_2000sym.raw,33,0.812575,48,18,0.625,22,0.5416666666666667,17,0,1.0
evk4_7-9packet_2000sym.raw,34,0.8365750000000001,48,16,0.6666666666666667,22,0.5416666666666667,17,0,1.0
evk4_7-9packet_2000sym.raw,35,0.860575,48,17,0.6458333333333333,21,0.5625,19,0,1.0
evk4_7-9packet_2000sym.raw,36,0.884575,48,16,0.6666666666666667,18,0.625,21,0,1.0
evk4_7-9packet_2000sym.raw,37,0.908575,48,15,0.6875,18,0.625,21,0,1.0
evk4_7-9packet_2000sym.raw,38,0.932575,48,16,0.6666666666666667,20,0.5833333333333333,20,0,1.0
evk4_7-9packet_2000sym.raw,39,0.9565750000000001,48,17,0.6458333333333333,20,0.5833333333333333,20,0,1.0
evk4_7-9packet_2000sym.raw,40,0.980575,48,13,0.7291666666666667,14,0.7083333333333333,25,0,1.0
evk4_7-9packet_2000sym.raw,41,1.004575,48,16,0.6666666666666667,17,0.6458333333333333,22,0,1.0
evk4_7-9packet_2000sym.raw,42,1.028575,48,17,0.6458333333333333,18,0.625,21,0,1.0
evk4_7-9packet_2000sym.raw,43,1.052575,48,14,0.7083333333333333,13,0.7291666666666667,26,0,1.0
evk4_7-9packet_2000sym.raw,44,1.076575,48,13,0.7291666666666667,13,0.7291666666666667,26,0,1.0
evk4_7-9packet_2000sym.raw,45,1.100575,48,14,0.7083333333333333,14,0.7083333333333333,25,0,1.0
evk4_7-9packet_2000sym.raw,46,1.124575,48,14,0.7083333333333333,14,0.7083333333333333,25,0,1.0
evk4_7-9packet_2000sym.raw,47,1.1485750000000001,48,11,0.7708333333333334,10,0.7916666666666666,29,0,1.0
evk4_7-9packet_2000sym.raw,48,1.1725750000000001,48,12,0.75,11,0.7708333333333334,28,0,1.0
evk4_7-9packet_2000sym.raw,49,1.196575,48,12,0.75,12,0.75,27,0,1.0
evk4_7-9packet_2000sym.raw,50,1.220575,48,11,0.7708333333333334,10,0.7916666666666666,29,0,1.0
evk4_7-9packet_2000sym.raw,51,1.244575,48,13,0.7291666666666667,12,0.75,28,0,1.0
evk4_7-9packet_2000sym.raw,52,1.268575,48,10,0.7916666666666666,9,0.8125,30,0,1.0
evk4_7-9packet_2000sym.raw,53,1.292575,48,9,0.8125,8,0.8333333333333334,31,0,1.0
evk4_7-9packet_2000sym.raw,54,1.316575,48,9,0.8125,8,0.8333333333333334,31,0,1.0
evk4_7-9packet_2000sym.raw,55,1.340575,48,10,0.7916666666666666,11,0.7708333333333334,29,0,1.0
evk4_7-9packet_2000sym.raw,56,1.364575,48,9,0.8125,8,0.8333333333333334,31,0,1.0
evk4_7-9packet_2000sym.raw,57,1.3885750000000001,48,9,0.8125,8,0.8333333333333334,31,0,1.0
evk4_7-9packet_2000sym.raw,58,1.4125750000000001,48,9,0.8125,8,0.8333333333333334,31,0,1.0
evk4_7-9packet_2000sym.raw,59,1.436575,48,10,0.7916666666666666,10,0.7916666666666666,30,0,1.0
evk4_7-9packet_2000sym.raw,60,1.460575,48,10,0.7916666666666666,10,0.7916666666666666,30,0,1.0
evk4_7-9packet_2000sym.raw,61,1.484575,48,11,0.7708333333333334,11,0.7708333333333334,29,0,1.0
evk4_7-9packet_2000sym.raw,62,1.508575,48,10,0.7916666666666666,9,0.8125,31,0,1.0
evk4_7-9packet_2000sym.raw,63,1.532575,48,10,0.7916666666666666,9,0.8125,31,0,1.0
evk4_7-9packet_2000sym.raw,64,1.556575,48,10,0.7916666666666666,10,0.7916666666666666,31,0,1.0
evk4_7-9packet_2000sym.raw,65,1.580575,48,11,0.7708333333333334,10,0.7916666666666666,30,0,1.0
evk4_7-9packet_2000sym.raw,66,1.604575,48,10,0.7916666666666666,10,0.7916666666666666,31,0,1.0
evk4_7-9packet_2000sym.raw,67,1.628575,48,11,0.7708333333333334,10,0.7916666666666666,30,0,1.0
evk4_7-9packet_2000sym.raw,68,1.6525750000000001,48,11,0.7708333333333334,12,0.75,29,0,1.0
evk4_7-9packet_2000sym.raw,69,1.6765750000000001,48,11,0.7708333333333334,11,0.7708333333333334,30,0,1.0
evk4_7-9packet_2000sym.raw,70,1.700575,48,11,0.7708333333333334,10,0.7916666666666666,30,0,1.0
evk4_7-9packet_2000sym.raw,71,1.724575,48,11,0.7708333333333334,11,0.7708333333333334,30,0,1.0
evk4_7-9packet_2000sym.raw,72,1.748575,48,11,0.7708333333333334,11,0.7708333333333334,30,0,1.0
evk4_7-9packet_2000sym.raw,73,1.772575,48,11,0.7708333333333334,11,0.7708333333333334,30,0,1.0
evk4_7-9packet_2000sym.raw,74,1.796575,48,11,0.7708333333333334,11,0.7708333333333334,30,0,1.0
evk4_7-9packet_2000sym.raw,75,1.820575,48,11,0.7708333333333334,12,0.75,29,0,1.0
evk4_7-9packet_2000sym.raw,76,1.844575,48,11,0.7708333333333334,11,0.7708333333333334,30,0,1.0
evk4_7-9packet_2000sym.raw,77,1.868575,48,11,0.7708333333333334,12,0.75,29,0,1.0
evk4_7-9packet_2000sym.raw,78,1.8925750000000001,48,11,0.7708333333333334,11,0.7708333333333334,30,0,1.0
evk4_7-9packet_2000sym.raw,79,1.9165750000000001,48,11,0.7708333333333334,12,0.75,29,0,1.0
evk4_7-9packet_2000sym.raw,80,1.940575,48,11,0.7708333333333334,11,0.7708333333333334,30,0,1.0
evk4_7-9packet_2000sym.raw,81,1.964575,48,11,0.7708333333333334,11,0.7708333333333334,30,0,1.0
evk4_7-9packet_2000sym.raw,82,1.988575,48,11,0.7708333333333334,11,0.7708333333333334,30,0,1.0
evk4_7-9packet_2000sym.raw,83,2.012575,48,11,0.7708333333333334,12,0.75,29,0,1.0
evk4_7-9packet_2000sym.raw,84,2.036575,48,11,0.7708333333333334,12,0.75,29,0,1.0
evk4_7-9packet_2000sym.raw,85,2.060575,48,11,0.7708333333333334,12,0.75,29,0,1.0
evk4_7-9packet_2000sym.raw,86,2.084575,48,11,0.7708333333333334,12,0.75,29,0,1.0
evk4_7-9packet_2000sym.raw,87,2.108575,48,11,0.7708333333333334,12,0.75,29,0,1.0
evk4_7-9packet_2000sym.raw,88,2.132575,48,12,0.75,13,0.7291666666666667,28,0,1.0
evk4_7-9packet_2000sym.raw,89,2.156575,48,12,0.75,13,0.7291666666666667,28,0,1.0
evk4_7-9packet_2000sym.raw,90,2.180575,48,12,0.75,13,0.7291666666666667,28,0,1.0
evk4_7-9packet_2000sym.raw,91,2.204575,48,14,0.7083333333333333,14,0.7083333333333333,28,0,1.0
evk4_7-9packet_2000sym.raw,92,2.228575,48,16,0.6666666666666667,15,0.6875,28,0,1.0
evk4_7-9packet_2000sym.raw,93,2.252575,48,16,0.6666666666666667,15,0.6875,28,0,1.0
evk4_7-9packet_2000sym.raw,94,2.2765750000000002,48,14,0.7083333333333333,14,0.7083333333333333,28,0,1.0
evk4_7-9packet_2000sym.raw,95,2.3005750000000003,48,16,0.6666666666666667,15,0.6875,28,0,1.0
evk4_7-9packet_2000sym.raw,96,2.3245750000000003,48,16,0.6666666666666667,15,0.6875,28,0,1.0
evk4_7-9packet_2000sym.raw,97,2.348575,48,16,0.6666666666666667,14,0.7083333333333333,29,0,1.0
evk4_7-9packet_2000sym.raw,98,2.372575,48,16,0.6666666666666667,15,0.6875,28,0,1.0
evk4_7-9packet_2000sym.raw,99,2.396575,48,16,0.6666666666666667,15,0.6875,28,0,1.0
evk4_7-9packet_2000sym.raw,100,2.420575,48,16,0.6666666666666667,15,0.6875,28,0,1.0
evk4_7-9packet_2000sym.raw,101,2.444575,48,16,0.6666666666666667,14,0.7083333333333333,29,0,1.0
evk4_7-9packet_2000sym.raw,102,2.468575,48,16,0.6666666666666667,16,0.6666666666666667,28,0,1.0
evk4_7-9packet_2000sym.raw,103,2.492575,48,16,0.6666666666666667,15,0.6875,28,0,1.0
evk4_7-9packet_2000sym.raw,104,2.516575,48,16,0.6666666666666667,15,0.6875,28,0,1.0
evk4_7-9packet_2000sym.raw,105,2.540575,48,16,0.6666666666666667,15,0.6875,29,0,1.0
evk4_7-9packet_2000sym.raw,106,2.564575,48,16,0.6666666666666667,15,0.6875,29,0,1.0
evk4_7-9packet_2000sym.raw,107,2.588575,48,16,0.6666666666666667,16,0.6666666666666667,28,0,1.0
evk4_7-9packet_2000sym.raw,108,2.612575,48,17,0.6458333333333333,16,0.6666666666666667,27,0,1.0
evk4_7-9packet_2000sym.raw,109,2.636575,48,17,0.6458333333333333,17,0.6458333333333333,27,0,1.0
evk4_7-9packet_2000sym.raw,110,2.660575,48,16,0.6666666666666667,14,0.7083333333333333,29,0,1.0
evk4_7-9packet_2000sym.raw,111,2.684575,48,17,0.6458333333333333,16,0.6666666666666667,27,0,1.0
evk4_7-9packet_2000sym.raw,112,2.708575,48,17,0.6458333333333333,17,0.6458333333333333,27,0,1.0
evk4_7-9packet_2000sym.raw,113,2.732575,48,17,0.6458333333333333,17,0.6458333333333333,27,0,1.0
evk4_7-9packet_2000sym.raw,114,2.756575,48,18,0.625,17,0.6458333333333333,27,0,1.0
evk4_7-9packet_2000sym.raw,115,2.7805750000000002,48,17,0.6458333333333333,16,0.6666666666666667,28,0,1.0
evk4_7-9packet_2000sym.raw,116,2.8045750000000003,48,17,0.6458333333333333,16,0.6666666666666667,28,0,1.0
evk4_7-9packet_2000sym.raw,117,2.8285750000000003,48,17,0.6458333333333333,16,0.6666666666666667,28,0,1.0
evk4_7-9packet_2000sym.raw,118,2.852575,48,17,0.6458333333333333,17,0.6458333333333333,27,0,1.0
evk4_7-9packet_2000sym.raw,119,2.876575,48,17,0.6458333333333333,17,0.6458333333333333,27,0,1.0
evk4_7-9packet_2000sym.raw,120,2.900575,48,19,0.6041666666666667,20,0.5833333333333333,24,0,1.0
evk4_7-9packet_2000sym.raw,121,2.924575,48,18,0.625,18,0.625,26,0,1.0
evk4_7-9packet_2000sym.raw,122,2.948575,48,19,0.6041666666666667,20,0.5833333333333333,24,0,1.0
evk4_7-9packet_2000sym.raw,123,2.972575,48,18,0.625,19,0.6041666666666667,25,0,1.0
evk4_7-9packet_2000sym.raw,124,2.996575,48,20,0.5833333333333333,18,0.625,25,0,1.0
evk4_7-9packet_2000sym.raw,125,3.020575,48,21,0.5625,20,0.5833333333333333,23,0,1.0
evk4_7-9packet_2000sym.raw,126,3.044575,48,23,0.5208333333333333,23,0.5208333333333333,18,0,1.0
evk4_7-9packet_2000sym.raw,127,3.068575,48,21,0.5625,21,0.5625,21,0,1.0
evk4_7-9packet_2000sym.raw,128,3.092575,48,23,0.5208333333333333,21,0.5625,21,0,1.0
evk4_7-9packet_2000sym.raw,129,3.116575,48,23,0.5208333333333333,22,0.5416666666666667,18,0,1.0
evk4_7-9packet_2000sym.raw,130,3.140575,48,23,0.5208333333333333,22,0.5416666666666667,18,0,1.0
evk4_7-9packet_2000sym.raw,131,3.164575,48,22,0.5416666666666667,21,0.5625,19,0,1.0
evk4_7-9packet_2000sym.raw,132,3.188575,48,23,0.5208333333333333,22,0.5416666666666667,17,0,1.0
evk4_7-9packet_2000sym.raw,133,3.212575,48,24,0.5,24,0.5,16,0,1.0
evk4_7-9packet_2000sym.raw,134,3.236575,48,24,0.5,23,0.5208333333333333,17,0,1.0
evk4_7-9packet_2000sym.raw,135,3.2605750000000002,48,22,0.5416666666666667,21,0.5625,18,0,1.0
evk4_7-9packet_2000sym.raw,136,3.2845750000000002,48,23,0.5208333333333333,25,0.47916666666666663,14,0,1.0
evk4_7-9packet_2000sym.raw,137,3.3085750000000003,48,23,0.5208333333333333,24,0.5,15,0,1.0
evk4_7-9packet_2000sym.raw,138,3.3325750000000003,48,25,0.47916666666666663,29,0.39583333333333337,10,0,1.0
evk4_7-9packet_2000sym.raw,139,3.356575,48,24,0.5,26,0.45833333333333337,14,1,0.9285714285714286
evk4_7-9packet_2000sym.raw,140,3.380575,48,22,0.5416666666666667,27,0.4375,11,1,0.9090909090909091
evk4_7-9packet_2000sym.raw,141,3.404575,48,24,0.5,31,0.35416666666666663,8,1,0.875
evk4_7-9packet_2000sym.raw,142,3.428575,48,24,0.5,30,0.375,9,1,0.8888888888888888
evk4_7-9packet_2000sym.raw,143,3.452575,48,24,0.5,32,0.33333333333333337,7,1,0.8571428571428572
evk4_7-9packet_2000sym.raw,144,3.476575,48,24,0.5,32,0.33333333333333337,7,1,0.8571428571428572
evk4_7-9packet_2000sym.raw,145,3.500575,48,25,0.47916666666666663,34,0.29166666666666663,5,0,1.0
evk4_7-9packet_2000sym.raw,146,3.524575,48,25,0.47916666666666663,33,0.3125,6,0,1.0
evk4_7-9packet_2000sym.raw,147,3.548575,48,24,0.5,33,0.3125,6,1,0.8333333333333334
evk4_7-9packet_2000sym.raw,148,3.572575,48,24,0.5,33,0.3125,6,1,0.8333333333333334
evk4_7-9packet_2000sym.raw,149,3.596575,48,24,0.5,31,0.35416666666666663,9,3,0.6666666666666667
evk4_7-9packet_2000sym.raw,150,3.620575,48,25,0.47916666666666663,32,0.33333333333333337,8,2,0.75
evk4_7-9packet_2000sym.raw,151,3.644575,48,22,0.5416666666666667,31,0.35416666666666663,8,2,0.75
evk4_7-9packet_2000sym.raw,152,3.668575,48,27,0.4375,30,0.375,9,4,0.5555555555555556
evk4_7-9packet_2000sym.raw,153,3.692575,48,28,0.41666666666666663,29,0.39583333333333337,11,5,0.5454545454545454
evk4_7-9packet_2000sym.raw,154,3.716575,48,28,0.41666666666666663,28,0.41666666666666663,12,6,0.5
evk4_7-9packet_2000sym.raw,155,3.740575,48,26,0.45833333333333337,30,0.375,11,5,0.5454545454545454
evk4_7-9packet_2000sym.raw,156,3.7645750000000002,48,30,0.375,29,0.39583333333333337,12,7,0.41666666666666663
evk4_7-9packet_2000sym.raw,157,3.7885750000000002,48,29,0.39583333333333337,28,0.41666666666666663,13,7,0.46153846153846156
evk4_7-9packet_2000sym.raw,158,3.8125750000000003,48,29,0.39583333333333337,29,0.39583333333333337,13,7,0.46153846153846156
evk4_7-9packet_2000sym.raw,159,3.8365750000000003,48,30,0.375,29,0.39583333333333337,12,7,0.41666666666666663
evk4_7-9packet_2000sym.raw,160,3.860575,48,30,0.375,30,0.375,11,7,0.36363636363636365
evk4_7-9packet_2000sym.raw,161,3.884575,48,30,0.375,29,0.39583333333333337,12,7,0.41666666666666663
evk4_7-9packet_2000sym.raw,162,3.908575,48,30,0.375,29,0.39583333333333337,12,7,0.41666666666666663
evk4_7-9packet_2000sym.raw,163,3.932575,48,30,0.375,29,0.39583333333333337,12,7,0.41666666666666663
evk4_7-9packet_2000sym.raw,164,3.956575,48,29,0.39583333333333337,29,0.39583333333333337,13,7,0.46153846153846156
evk4_7-9packet_2000sym.raw,165,3.980575,48,29,0.39583333333333337,28,0.41666666666666663,13,8,0.3846153846153846
evk4_7-9packet_2000sym.raw,166,4.004575,48,30,0.375,29,0.39583333333333337,12,8,0.33333333333333337
evk4_7-9packet_2000sym.raw,167,4.028575,48,29,0.39583333333333337,30,0.375,12,8,0.33333333333333337
evk4_7-9packet_2000sym.raw,168,4.052575,48,29,0.39583333333333337,31,0.35416666666666663,12,8,0.33333333333333337
evk4_7-9packet_2000sym.raw,169,4.076575,48,26,0.45833333333333337,30,0.375,12,8,0.33333333333333337
evk4_7-9packet_2000sym.raw,170,4.100575,48,29,0.39583333333333337,31,0.35416666666666663,11,8,0.2727272727272727
evk4_7-9packet_2000sym.raw,171,4.124575,48,29,0.39583333333333337,32,0.33333333333333337,11,8,0.2727272727272727
evk4_7-9packet_2000sym.raw,172,4.148575,48,26,0.45833333333333337,27,0.4375,13,10,0.23076923076923073
evk4_7-9packet_2000sym.raw,173,4.172575,48,25,0.47916666666666663,28,0.41666666666666663,12,9,0.25
evk4_7-9packet_2000sym.raw,174,4.196575,48,26,0.45833333333333337,27,0.4375,13,10,0.23076923076923073
evk4_7-9packet_2000sym.raw,175,4.220575,48,24,0.5,27,0.4375,13,9,0.3076923076923077
evk4_7-9packet_2000sym.raw,176,4.244575,48,24,0.5,26,0.45833333333333337,14,10,0.2857142857142857
evk4_7-9packet_2000sym.raw,177,4.268575,48,26,0.45833333333333337,28,0.41666666666666663,13,10,0.23076923076923073
evk4_7-9packet_2000sym.raw,178,4.292575,48,27,0.4375,29,0.39583333333333337,11,9,0.18181818181818177
evk4_7-9packet_2000sym.raw,179,4.316575,48,25,0.47916666666666663,27,0.4375,13,9,0.3076923076923077
evk4_7-9packet_2000sym.raw,180,4.340575,48,26,0.45833333333333337,25,0.47916666666666663,16,12,0.25
evk4_7-9packet_2000sym.raw,181,4.364575,48,26,0.45833333333333337,27,0.4375,13,10,0.23076923076923073
evk4_7-9packet_2000sym.raw,182,4.388575,48,24,0.5,24,0.5,17,13,0.23529411764705888
evk4_7-9packet_2000sym.raw,183,4.412575,48,28,0.41666666666666663,27,0.4375,15,13,0.1333333333333333
evk4_7-9packet_2000sym.raw,184,4.436575,48,27,0.4375,20,0.5833333333333333,20,16,0.19999999999999996
evk4_7-9packet_2000sym.raw,185,4.460575,48,29,0.39583333333333337,21,0.5625,20,17,0.15000000000000002
evk4_7-9packet_2000sym.raw,186,4.484575,48,28,0.41666666666666663,23,0.5208333333333333,18,15,0.16666666666666663
evk4_7-9packet_2000sym.raw,187,4.508575,48,28,0.41666666666666663,21,0.5625,21,18,0.1428571428571429
evk4_7-9packet_2000sym.raw,188,4.5325750000000005,48,27,0.4375,19,0.6041666666666667,22,19,0.13636363636363635
evk4_7-9packet_2000sym.raw,189,4.5565750000000005,48,27,0.4375,20,0.5833333333333333,21,18,0.1428571428571429
evk4_7-9packet_2000sym.raw,190,4.5805750000000005,48,29,0.39583333333333337,19,0.6041666666666667,22,19,0.13636363636363635
evk4_7-9packet_2000sym.raw,191,4.6045750000000005,48,27,0.4375,20,0.5833333333333333,21,18,0.1428571428571429
evk4_7-9packet_2000sym.raw,192,4.6285750000000005,48,28,0.41666666666666663,18,0.625,23,20,0.13043478260869568
evk4_7-9packet_2000sym.raw,193,4.652575,48,27,0.4375,19,0.6041666666666667,22,19,0.13636363636363635
evk4_7-9packet_2000sym.raw,194,4.676575,48,28,0.41666666666666663,18,0.625,23,20,0.13043478260869568
evk4_7-9packet_2000sym.raw,195,4.700575,48,31,0.35416666666666663,15,0.6875,26,23,0.11538461538461542
evk4_7-9packet_2000sym.raw,196,4.724575,48,28,0.41666666666666663,15,0.6875,26,22,0.15384615384615385
evk4_7-9packet_2000sym.raw,197,4.748575,48,31,0.35416666666666663,14,0.7083333333333333,27,24,0.11111111111111116
evk4_7-9packet_2000sym.raw,198,4.772575,48,31,0.35416666666666663,13,0.7291666666666667,28,24,0.1428571428571429
evk4_7-9packet_2000sym.raw,199,4.796575,48,32,0.33333333333333337,14,0.7083333333333333,27,24,0.11111111111111116
evk4_7-9packet_2000sym.raw,200,4.820575,48,32,0.33333333333333337,14,0.7083333333333333,27,24,0.11111111111111116
evk4_7-9packet_2000sym.raw,201,4.844575,48,32,0.33333333333333337,14,0.7083333333333333,27,24,0.11111111111111116
evk4_7-9packet_2000sym.raw,202,4.868575,48,33,0.3125,12,0.75,29,26,0.10344827586206895
evk4_7-9packet_2000sym.raw,203,4.892575,48,31,0.35416666666666663,12,0.75,29,25,0.13793103448275867
evk4_7-9packet_2000sym.raw,204,4.916575,48,31,0.35416666666666663,13,0.7291666666666667,28,24,0.1428571428571429
evk4_7-9packet_2000sym.raw,205,4.940575,48,32,0.33333333333333337,11,0.7708333333333334,30,26,0.1333333333333333
evk4_7-9packet_2000sym.raw,206,4.964575,48,32,0.33333333333333337,11,0.7708333333333334,30,26,0.1333333333333333
evk4_7-9packet_2000sym.raw,207,4.988575,48,32,0.33333333333333337,12,0.75,29,25,0.13793103448275867
evk4_7-9packet_2000sym.raw,208,5.012575,48,32,0.33333333333333337,11,0.7708333333333334,30,26,0.1333333333333333
evk4_7-9packet_2000sym.raw,209,5.036575,48,31,0.35416666666666663,13,0.7291666666666667,29,25,0.13793103448275867
evk4_7-9packet_2000sym.raw,210,5.060575,48,32,0.33333333333333337,11,0.7708333333333334,30,26,0.1333333333333333
evk4_7-9packet_2000sym.raw,211,5.084575,48,31,0.35416666666666663,13,0.7291666666666667,29,25,0.13793103448275867
evk4_7-9packet_2000sym.raw,212,5.108575,48,32,0.33333333333333337,12,0.75,29,25,0.13793103448275867
evk4_7-9packet_2000sym.raw,213,5.132575,48,32,0.33333333333333337,12,0.75,30,26,0.1333333333333333
evk4_7-9packet_2000sym.raw,214,5.156575,48,31,0.35416666666666663,14,0.7083333333333333,28,24,0.1428571428571429
evk4_7-9packet_2000sym.raw,215,5.180575,48,32,0.33333333333333337,12,0.75,30,26,0.1333333333333333
evk4_7-9packet_2000sym.raw,216,5.204575,48,32,0.33333333333333337,12,0.75,30,26,0.1333333333333333
evk4_7-9packet_2000sym.raw,217,5.228575,48,31,0.35416666666666663,13,0.7291666666666667,29,25,0.13793103448275867
evk4_7-9packet_2000sym.raw,218,5.252575,48,31,0.35416666666666663,13,0.7291666666666667,29,25,0.13793103448275867
evk4_7-9packet_2000sym.raw,219,5.276575,48,31,0.35416666666666663,13,0.7291666666666667,29,25,0.13793103448275867
evk4_7-9packet_2000sym.raw,220,5.300575,48,31,0.35416666666666663,13,0.7291666666666667,29,25,0.13793103448275867
evk4_7-9packet_2000sym.raw,221,5.324575,48,31,0.35416666666666663,12,0.75,29,25,0.13793103448275867
evk4_7-9packet_2000sym.raw,222,5.348575,48,31,0.35416666666666663,13,0.7291666666666667,29,25,0.13793103448275867
evk4_7-9packet_2000sym.raw,223,5.372575,48,31,0.35416666666666663,13,0.7291666666666667,28,24,0.1428571428571429
evk4_7-9packet_2000sym.raw,224,5.396575,48,31,0.35416666666666663,13,0.7291666666666667,29,25,0.13793103448275867
evk4_7-9packet_2000sym.raw,225,5.420575,48,31,0.35416666666666663,13,0.7291666666666667,28,24,0.1428571428571429
evk4_7-9packet_2000sym.raw,226,5.444575,48,31,0.35416666666666663,12,0.75,29,25,0.13793103448275867
evk4_7-9packet_2000sym.raw,227,5.468575,48,31,0.35416666666666663,13,0.7291666666666667,29,25,0.13793103448275867
evk4_7-9packet_2000sym.raw,228,5.492575,48,31,0.35416666666666663,12,0.75,29,25,0.13793103448275867
evk4_7-9packet_2000sym.raw,229,5.5165750000000005,48,31,0.35416666666666663,13,0.7291666666666667,29,25,0.13793103448275867
evk4_7-9packet_2000sym.raw,230,5.5405750000000005,48,31,0.35416666666666663,12,0.75,29,25,0.13793103448275867
evk4_7-9packet_2000sym.raw,231,5.5645750000000005,48,31,0.35416666666666663,13,0.7291666666666667,29,25,0.13793103448275867
evk4_7-9packet_2000sym.raw,232,5.5885750000000005,48,31,0.35416666666666663,12,0.75,29,25,0.13793103448275867
evk4_7-9packet_2000sym.raw,233,5.6125750000000005,48,31,0.35416666666666663,13,0.7291666666666667,29,25,0.13793103448275867
evk4_7-9packet_2000sym.raw,234,5.636575000000001,48,31,0.35416666666666663,13,0.7291666666666667,29,25,0.13793103448275867
evk4_7-9packet_2000sym.raw,235,5.660575,48,31,0.35416666666666663,12,0.75,29,25,0.13793103448275867
evk4_7-9packet_2000sym.raw,236,5.684575,48,34,0.29166666666666663,12,0.75,29,25,0.13793103448275867
evk4_7-9packet_2000sym.raw,237,5.708575,48,31,0.35416666666666663,13,0.7291666666666667,29,25,0.13793103448275867
evk4_7-9packet_2000sym.raw,238,5.732575,48,32,0.33333333333333337,12,0.75,29,25,0.13793103448275867
evk4_7-9packet_2000sym.raw,239,5.756575,48,34,0.29166666666666663,13,0.7291666666666667,29,25,0.13793103448275867
evk4_7-9packet_2000sym.raw,240,5.780575,48,34,0.29166666666666663,13,0.7291666666666667,29,25,0.13793103448275867
evk4_7-9packet_2000sym.raw,241,5.804575,48,34,0.29166666666666663,14,0.7083333333333333,29,25,0.13793103448275867
evk4_7-9packet_2000sym.raw,242,5.828575,48,34,0.29166666666666663,13,0.7291666666666667,29,25,0.13793103448275867
evk4_7-9packet_2000sym.raw,243,5.852575,48,34,0.29166666666666663,13,0.7291666666666667,29,25,0.13793103448275867
evk4_7-9packet_2000sym.raw,244,5.876575,48,34,0.29166666666666663,13,0.7291666666666667,29,25,0.13793103448275867
evk4_7-9packet_2000sym.raw,245,5.900575,48,34,0.29166666666666663,13,0.7291666666666667,29,25,0.13793103448275867
evk4_7-9packet_2000sym.raw,246,5.924575,48,34,0.29166666666666663,14,0.7083333333333333,29,25,0.13793103448275867
evk4_7-9packet_2000sym.raw,247,5.948575,48,34,0.29166666666666663,13,0.7291666666666667,29,25,0.13793103448275867
evk4_7-9packet_2000sym.raw,248,5.972575,48,34,0.29166666666666663,13,0.7291666666666667,29,25,0.13793103448275867
evk4_7-9packet_2000sym.raw,249,5.996575,48,34,0.29166666666666663,14,0.7083333333333333,29,25,0.13793103448275867
evk4_7-9packet_2000sym.raw,250,6.020575,48,34,0.29166666666666663,14,0.7083333333333333,29,25,0.13793103448275867
evk4_7-9packet_2000sym.raw,251,6.044575,48,34,0.29166666666666663,13,0.7291666666666667,29,25,0.13793103448275867
evk4_7-9packet_2000sym.raw,252,6.068575,48,34,0.29166666666666663,14,0.7083333333333333,29,25,0.13793103448275867
evk4_7-9packet_2000sym.raw,253,6.092575,48,34,0.29166666666666663,14,0.7083333333333333,29,25,0.13793103448275867
evk4_7-9packet_2000sym.raw,254,6.116575,48,34,0.29166666666666663,14,0.7083333333333333,29,25,0.13793103448275867
evk4_7-9packet_2000sym.raw,255,6.140575,48,33,0.3125,15,0.6875,28,24,0.1428571428571429
evk4_7-9packet_2000sym.raw,256,6.164575,48,33,0.3125,14,0.7083333333333333,28,24,0.1428571428571429
evk4_7-9packet_2000sym.raw,257,6.188575,48,33,0.3125,16,0.6666666666666667,28,24,0.1428571428571429
evk4_7-9packet_2000sym.raw,258,6.212575,48,33,0.3125,15,0.6875,28,24,0.1428571428571429
evk4_7-9packet_2000sym.raw,259,6.236575,48,33,0.3125,15,0.6875,28,24,0.1428571428571429
evk4_7-9packet_2000sym.raw,260,6.260575,48,33,0.3125,15,0.6875,28,24,0.1428571428571429
evk4_7-9packet_2000sym.raw,261,6.284575,48,33,0.3125,15,0.6875,28,24,0.1428571428571429
evk4_7-9packet_2000sym.raw,262,6.308575,48,33,0.3125,15,0.6875,28,24,0.1428571428571429
evk4_7-9packet_2000sym.raw,263,6.332575,48,33,0.3125,15,0.6875,28,24,0.1428571428571429
evk4_7-9packet_2000sym.raw,264,6.356575,48,33,0.3125,15,0.6875,28,24,0.1428571428571429
evk4_7-9packet_2000sym.raw,265,6.380575,48,33,0.3125,15,0.6875,28,24,0.1428571428571429
evk4_7-9packet_2000sym.raw,266,6.404575,48,32,0.33333333333333337,16,0.6666666666666667,28,24,0.1428571428571429
evk4_7-9packet_2000sym.raw,267,6.428575,48,32,0.33333333333333337,16,0.6666666666666667,27,23,0.14814814814814814
evk4_7-9packet_2000sym.raw,268,6.452575,48,31,0.35416666666666663,17,0.6458333333333333,26,22,0.15384615384615385
evk4_7-9packet_2000sym.raw,269,6.476575,48,30,0.375,17,0.6458333333333333,25,21,0.16000000000000003
evk4_7-9packet_2000sym.raw,270,6.500575,48,32,0.33333333333333337,16,0.6666666666666667,27,23,0.14814814814814814
evk4_7-9packet_2000sym.raw,271,6.5245750000000005,48,30,0.375,17,0.6458333333333333,25,22,0.12
evk4_7-9packet_2000sym.raw,272,6.5485750000000005,48,29,0.39583333333333337,16,0.6666666666666667,24,21,0.125
evk4_7-9packet_2000sym.raw,273,6.5725750000000005,48,27,0.4375,18,0.625,23,20,0.13043478260869568
evk4_7-9packet_2000sym.raw,274,6.5965750000000005,48,27,0.4375,19,0.6041666666666667,21,19,0.09523809523809523
evk4_7-9packet_2000sym.raw,275,6.6205750000000005,48,26,0.45833333333333337,20,0.5833333333333333,21,18,0.1428571428571429
evk4_7-9packet_2000sym.raw,276,6.644575000000001,48,29,0.39583333333333337,21,0.5625,19,18,0.052631578947368474
evk4_7-9packet_2000sym.raw,277,6.668575000000001,48,28,0.41666666666666663,22,0.5416666666666667,18,17,0.05555555555555558
evk4_7-9packet_2000sym.raw,278,6.692575,48,26,0.45833333333333337,23,0.5208333333333333,17,16,0.05882352941176472
evk4_7-9packet_2000sym.raw,279,6.716575,48,25,0.47916666666666663,25,0.47916666666666663,16,15,0.0625
evk4_7-9packet_2000sym.raw,280,6.740575,48,25,0.47916666666666663,24,0.5,16,15,0.0625
evk4_7-9packet_2000sym.raw,281,6.764575,48,24,0.5,26,0.45833333333333337,15,14,0.06666666666666665
evk4_7-9packet_2000sym.raw,282,6.788575,48,23,0.5208333333333333,25,0.47916666666666663,14,13,0.0714285714285714
evk4_7-9packet_2000sym.raw,283,6.812575,48,24,0.5,26,0.45833333333333337,15,14,0.06666666666666665
evk4_7-9packet_2000sym.raw,284,6.836575,48,23,0.5208333333333333,27,0.4375,13,12,0.07692307692307687
evk4_7-9packet_2000sym.raw,285,6.860575,48,25,0.47916666666666663,26,0.45833333333333337,13,12,0.07692307692307687
evk4_7-9packet_2000sym.raw,286,6.884575,48,22,0.5416666666666667,26,0.45833333333333337,13,11,0.15384615384615385
evk4_7-9packet_2000sym.raw,287,6.908575,48,24,0.5,28,0.41666666666666663,12,11,0.08333333333333337
evk4_7-9packet_2000sym.raw,288,6.932575,48,23,0.5208333333333333,31,0.35416666666666663,8,7,0.125
evk4_7-9packet_2000sym.raw,289,6.956575,48,23,0.5208333333333333,29,0.39583333333333337,8,6,0.25
evk4_7-9packet_2000sym.raw,290,6.980575,48,22,0.5416666666666667,30,0.375,9,7,0.2222222222222222
evk4_7-9packet_2000sym.raw,291,7.004575,48,22,0.5416666666666667,31,0.35416666666666663,7,5,0.2857142857142857
evk4_7-9packet_2000sym.raw,292,7.028575,48,23,0.5208333333333333,29,0.39583333333333337,8,6,0.25
evk4_7-9packet_2000sym.raw,293,7.052575,48,22,0.5416666666666667,31,0.35416666666666663,7,5,0.2857142857142857
evk4_7-9packet_2000sym.raw,294,7.076575,48,23,0.5208333333333333,31,0.35416666666666663,7,6,0.1428571428571429
evk4_7-9packet_2000sym.raw,295,7.100575,48,23,0.5208333333333333,30,0.375,8,5,0.375
evk4_7-9packet_2000sym.raw,296,7.124575,48,23,0.5208333333333333,29,0.39583333333333337,8,6,0.25
evk4_7-9packet_2000sym.raw,297,7.148575,48,23,0.5208333333333333,32,0.33333333333333337,8,6,0.25
evk4_7-9packet_2000sym.raw,298,7.172575,48,22,0.5416666666666667,32,0.33333333333333337,8,6,0.25
evk4_7-9packet_2000sym.raw,299,7.196575,48,23,0.5208333333333333,31,0.35416666666666663,8,6,0.25
evk4_7-9packet_2000sym.raw,300,7.220575,48,21,0.5625,31,0.35416666666666663,9,6,0.33333333333333337
evk4_7-9packet_2000sym.raw,301,7.244575,48,24,0.5,31,0.35416666666666663,9,6,0.33333333333333337
evk4_7-9packet_2000sym.raw,302,7.268575,48,22,0.5416666666666667,31,0.35416666666666663,10,6,0.4
evk4_7-9packet_2000sym.raw,303,7.292575,48,26,0.45833333333333337,31,0.35416666666666663,9,6,0.33333333333333337
evk4_7-9packet_2000sym.raw,304,7.316575,48,22,0.5416666666666667,31,0.35416666666666663,10,6,0.4
evk4_7-9packet_2000sym.raw,305,7.340575,48,26,0.45833333333333337,29,0.39583333333333337,12,7,0.41666666666666663
evk4_7-9packet_2000sym.raw,306,7.364575,48,24,0.5,29,0.39583333333333337,11,7,0.36363636363636365
evk4_7-9packet_2000sym.raw,307,7.388575,48,25,0.47916666666666663,30,0.375,12,7,0.41666666666666663
evk4_7-9packet_2000sym.raw,308,7.412575,48,25,0.47916666666666663,31,0.35416666666666663,12,7,0.41666666666666663
evk4_7-9packet_2000sym.raw,309,7.436575,48,25,0.47916666666666663,31,0.35416666666666663,10,5,0.5
evk4_7-9packet_2000sym.raw,310,7.460575,48,27,0.4375,30,0.375,11,6,0.4545454545454546
evk4_7-9packet_2000sym.raw,311,7.484575,48,25,0.47916666666666663,29,0.39583333333333337,13,7,0.46153846153846156
evk4_7-9packet_2000sym.raw,312,7.508575,48,26,0.45833333333333337,29,0.39583333333333337,12,6,0.5
evk4_7-9packet_2000sym.raw,313,7.5325750000000005,48,24,0.5,31,0.35416666666666663,11,5,0.5454545454545454
evk4_7-9packet_2000sym.raw,314,7.5565750000000005,48,28,0.41666666666666663,28,0.41666666666666663,13,7,0.46153846153846156
evk4_7-9packet_2000sym.raw,315,7.5805750000000005,48,27,0.4375,28,0.41666666666666663,13,7,0.46153846153846156
evk4_7-9packet_2000sym.raw,316,7.6045750000000005,48,27,0.4375,28,0.41666666666666663,13,7,0.46153846153846156
evk4_7-9packet_2000sym.raw,317,7.6285750000000005,48,24,0.5,31,0.35416666666666663,11,5,0.5454545454545454
evk4_7-9packet_2000sym.raw,318,7.652575000000001,48,23,0.5208333333333333,27,0.4375,13,6,0.5384615384615384
evk4_7-9packet_2000sym.raw,319,7.676575000000001,48,25,0.47916666666666663,28,0.41666666666666663,12,6,0.5
evk4_7-9packet_2000sym.raw,320,7.700575,48,25,0.47916666666666663,27,0.4375,12,6,0.5
evk4_7-9packet_2000sym.raw,321,7.724575,48,26,0.45833333333333337,28,0.41666666666666663,12,5,0.5833333333333333
evk4_7-9packet_2000sym.raw,322,7.748575,48,25,0.47916666666666663,28,0.41666666666666663,13,5,0.6153846153846154
evk4_7-9packet_2000sym.raw,323,7.772575,48,23,0.5208333333333333,26,0.45833333333333337,13,5,0.6153846153846154
evk4_7-9packet_2000sym.raw,324,7.796575,48,25,0.47916666666666663,26,0.45833333333333337,15,6,0.6
evk4_7-9packet_2000sym.raw,325,7.820575,48,25,0.47916666666666663,27,0.4375,14,6,0.5714285714285714
evk4_7-9packet_2000sym.raw,326,7.844575,48,22,0.5416666666666667,24,0.5,16,6,0.625
evk4_7-9packet_2000sym.raw,327,7.868575,48,21,0.5625,28,0.41666666666666663,14,5,0.6428571428571428
evk4_7-9packet_2000sym.raw,328,7.892575,48,26,0.45833333333333337,25,0.47916666666666663,15,6,0.6
evk4_7-9packet_2000sym.raw,329,7.916575,48,17,0.6458333333333333,26,0.45833333333333337,16,5,0.6875
evk4_7-9packet_2000sym.raw,330,7.940575,48,21,0.5625,23,0.5208333333333333,18,6,0.6666666666666667
evk4_7-9packet_2000sym.raw,331,7.964575,48,21,0.5625,23,0.5208333333333333,18,5,0.7222222222222222
evk4_7-9packet_2000sym.raw,332,7.988575,48,21,0.5625,26,0.45833333333333337,16,5,0.6875
evk4_7-9packet_2000sym.raw,333,8.012575,48,22,0.5416666666666667,25,0.47916666666666663,17,6,0.6470588235294117
evk4_7-9packet_2000sym.raw,334,8.036575,48,18,0.625,24,0.5,19,5,0.736842105263158
evk4_7-9packet_2000sym.raw,335,8.060575,48,21,0.5625,27,0.4375,16,5,0.6875
evk4_7-9packet_2000sym.raw,336,8.084575,48,19,0.6041666666666667,23,0.5208333333333333,19,5,0.736842105263158
evk4_7-9packet_2000sym.raw,337,8.108575,48,19,0.6041666666666667,22,0.5416666666666667,20,5,0.75
evk4_7-9packet_2000sym.raw,338,8.132575,48,18,0.625,23,0.5208333333333333,20,5,0.75
evk4_7-9packet_2000sym.raw,339,8.156575,48,15,0.6875,18,0.625,25,5,0.8
evk4_7-9packet_2000sym.raw,340,8.180575,48,16,0.6666666666666667,20,0.5833333333333333,23,5,0.782608695652174
evk4_7-9packet_2000sym.raw,341,8.204575,48,17,0.6458333333333333,21,0.5625,22,5,0.7727272727272727
evk4_7-9packet_2000sym.raw,342,8.228575,48,14,0.7083333333333333,18,0.625,25,5,0.8
evk4_7-9packet_2000sym.raw,343,8.252574999999998,48,16,0.6666666666666667,18,0.625,25,6,0.76
evk4_7-9packet_2000sym.raw,344,8.276575,48,14,0.7083333333333333,18,0.625,25,5,0.8
evk4_7-9packet_2000sym.raw,345,8.300574999999998,48,14,0.7083333333333333,17,0.6458333333333333,26,5,0.8076923076923077
evk4_7-9packet_2000sym.raw,346,8.324575,48,13,0.7291666666666667,17,0.6458333333333333,26,5,0.8076923076923077
evk4_7-9packet_2000sym.raw,347,8.348574999999999,48,15,0.6875,19,0.6041666666666667,24,5,0.7916666666666666
evk4_7-9packet_2000sym.raw,348,8.372575,48,13,0.7291666666666667,16,0.6666666666666667,27,5,0.8148148148148149
evk4_7-9packet_2000sym.raw,349,8.396574999999999,48,13,0.7291666666666667,16,0.6666666666666667,27,5,0.8148148148148149
evk4_7-9packet_2000sym.raw,350,8.420575,48,13,0.7291666666666667,17,0.6458333333333333,26,5,0.8076923076923077
evk4_7-9packet_2000sym.raw,351,8.444574999999999,48,14,0.7083333333333333,15,0.6875,28,6,0.7857142857142857
evk4_7-9packet_2000sym.raw,352,8.468575,48,14,0.7083333333333333,16,0.6666666666666667,27,6,0.7777777777777778
evk4_7-9packet_2000sym.raw,353,8.492574999999999,48,14,0.7083333333333333,15,0.6875,28,6,0.7857142857142857
evk4_7-9packet_2000sym.raw,354,8.516575,48,14,0.7083333333333333,15,0.6875,28,6,0.7857142857142857
evk4_7-9packet_2000sym.raw,355,8.540574999999999,48,14,0.7083333333333333,15,0.6875,28,6,0.7857142857142857
evk4_7-9packet_2000sym.raw,356,8.564575,48,13,0.7291666666666667,13,0.7291666666666667,29,6,0.7931034482758621
evk4_7-9packet_2000sym.raw,357,8.588574999999999,48,14,0.7083333333333333,15,0.6875,28,6,0.7857142857142857
evk4_7-9packet_2000sym.raw,358,8.612575,48,13,0.7291666666666667,14,0.7083333333333333,28,6,0.7857142857142857
evk4_7-9packet_2000sym.raw,359,8.636574999999999,48,13,0.7291666666666667,14,0.7083333333333333,28,6,0.7857142857142857
evk4_7-9packet_2000sym.raw,360,8.660575,48,14,0.7083333333333333,14,0.7083333333333333,29,6,0.7931034482758621
evk4_7-9packet_2000sym.raw,361,8.684574999999999,48,13,0.7291666666666667,13,0.7291666666666667,29,6,0.7931034482758621
evk4_7-9packet_2000sym.raw,362,8.708575,48,13,0.7291666666666667,13,0.7291666666666667,29,6,0.7931034482758621
evk4_7-9packet_2000sym.raw,363,8.732574999999999,48,13,0.7291666666666667,14,0.7083333333333333,28,6,0.7857142857142857
evk4_7-9packet_2000sym.raw,364,8.756575,48,13,0.7291666666666667,13,0.7291666666666667,29,6,0.7931034482758621
evk4_7-9packet_2000sym.raw,365,8.780574999999999,48,13,0.7291666666666667,13,0.7291666666666667,29,6,0.7931034482758621
evk4_7-9packet_2000sym.raw,366,8.804575,48,13,0.7291666666666667,13,0.7291666666666667,29,6,0.7931034482758621
evk4_7-9packet_2000sym.raw,367,8.828574999999999,48,13,0.7291666666666667,14,0.7083333333333333,28,6,0.7857142857142857
evk4_7-9packet_2000sym.raw,368,8.852575,48,13,0.7291666666666667,13,0.7291666666666667,29,6,0.7931034482758621
evk4_7-9packet_2000sym.raw,369,8.876574999999999,48,13,0.7291666666666667,13,0.7291666666666667,29,6,0.7931034482758621
evk4_7-9packet_2000sym.raw,370,8.900575,48,13,0.7291666666666667,13,0.7291666666666667,29,6,0.7931034482758621
evk4_7-9packet_2000sym.raw,371,8.924574999999999,48,13,0.7291666666666667,13,0.7291666666666667,29,6,0.7931034482758621
evk4_7-9packet_2000sym.raw,372,8.948575,48,13,0.7291666666666667,13,0.7291666666666667,29,6,0.7931034482758621
evk4_7-9packet_2000sym.raw,373,8.972574999999999,48,13,0.7291666666666667,12,0.75,29,6,0.7931034482758621
evk4_7-9packet_2000sym.raw,374,8.996575,48,13,0.7291666666666667,13,0.7291666666666667,29,6,0.7931034482758621
evk4_7-9packet_2000sym.raw,375,9.020575,48,13,0.7291666666666667,12,0.75,29,6,0.7931034482758621
evk4_7-9packet_2000sym.raw,376,9.044575,48,13,0.7291666666666667,12,0.75,29,6,0.7931034482758621
evk4_7-9packet_2000sym.raw,377,9.068575,48,13,0.7291666666666667,12,0.75,29,6,0.7931034482758621
evk4_7-9packet_2000sym.raw,378,9.092575,48,13,0.7291666666666667,12,0.75,29,6,0.7931034482758621
evk4_7-9packet_2000sym.raw,379,9.116575,48,13,0.7291666666666667,12,0.75,29,6,0.7931034482758621
evk4_7-9packet_2000sym.raw,380,9.140575,48,12,0.75,13,0.7291666666666667,28,5,0.8214285714285714
evk4_7-9packet_2000sym.raw,381,9.164575,48,12,0.75,13,0.7291666666666667,28,5,0.8214285714285714
evk4_7-9packet_2000sym.raw,382,9.188575,48,13,0.7291666666666667,12,0.75,29,6,0.7931034482758621
evk4_7-9packet_2000sym.raw,383,9.212575,48,12,0.75,13,0.7291666666666667,28,5,0.8214285714285714
evk4_7-9packet_2000sym.raw,384,9.236575,48,12,0.75,13,0.7291666666666667,29,5,0.8275862068965517
evk4_7-9packet_2000sym.raw,385,9.260575,48,13,0.7291666666666667,11,0.7708333333333334,30,6,0.8
evk4_7-9packet_2000sym.raw,386,9.284574999999998,48,12,0.75,13,0.7291666666666667,29,5,0.8275862068965517
evk4_7-9packet_2000sym.raw,387,9.308575,48,12,0.75,13,0.7291666666666667,29,5,0.8275862068965517
evk4_7-9packet_2000sym.raw,388,9.332574999999999,48,12,0.75,13,0.7291666666666667,29,5,0.8275862068965517
evk4_7-9packet_2000sym.raw,389,9.356575,48,12,0.75,14,0.7083333333333333,29,5,0.8275862068965517
evk4_7-9packet_2000sym.raw,390,9.380574999999999,48,12,0.75,13,0.7291666666666667,29,5,0.8275862068965517
evk4_7-9packet_2000sym.raw,391,9.404575,48,12,0.75,13,0.7291666666666667,29,5,0.8275862068965517
evk4_7-9packet_2000sym.raw,392,9.428574999999999,48,12,0.75,13,0.7291666666666667,29,5,0.8275862068965517
evk4_7-9packet_2000sym.raw,393,9.452575,48,12,0.75,13,0.7291666666666667,29,5,0.8275862068965517
evk4_7-9packet_2000sym.raw,394,9.476574999999999,48,12,0.75,13,0.7291666666666667,29,5,0.8275862068965517
evk4_7-9packet_2000sym.raw,395,9.500575,48,12,0.75,13,0.7291666666666667,29,5,0.8275862068965517
evk4_7-9packet_2000sym.raw,396,9.524574999999999,48,12,0.75,13,0.7291666666666667,29,5,0.8275862068965517
evk4_7-9packet_2000sym.raw,397,9.548575,48,12,0.75,12,0.75,30,5,0.8333333333333334
evk4_7-9packet_2000sym.raw,398,9.572574999999999,48,12,0.75,13,0.7291666666666667,30,5,0.8333333333333334
evk4_7-9packet_2000sym.raw,399,9.596575,48,12,0.75,12,0.75,30,5,0.8333333333333334
evk4_7-9packet_2000sym.raw,400,9.620574999999999,48,12,0.75,13,0.7291666666666667,30,5,0.8333333333333334
evk4_7-9packet_2000sym.raw,401,9.644575,48,12,0.75,13,0.7291666666666667,30,5,0.8333333333333334
evk4_7-9packet_2000sym.raw,402,9.668574999999999,48,12,0.75,13,0.7291666666666667,30,5,0.8333333333333334
evk4_7-9packet_2000sym.raw,403,9.692575,48,12,0.75,13,0.7291666666666667,30,5,0.8333333333333334
evk4_7-9packet_2000sym.raw,404,9.716574999999999,48,11,0.7708333333333334,11,0.7708333333333334,30,5,0.8333333333333334
evk4_7-9packet_2000sym.raw,405,9.740575,48,11,0.7708333333333334,12,0.75,30,5,0.8333333333333334
evk4_7-9packet_2000sym.raw,406,9.764574999999999,48,11,0.7708333333333334,12,0.75,30,5,0.8333333333333334
evk4_7-9packet_2000sym.raw,407,9.788575,48,11,0.7708333333333334,11,0.7708333333333334,30,5,0.8333333333333334
evk4_7-9packet_2000sym.raw,408,9.812574999999999,48,11,0.7708333333333334,12,0.75,29,5,0.8275862068965517
evk4_7-9packet_2000sym.raw,409,9.836575,48,11,0.7708333333333334,11,0.7708333333333334,30,5,0.8333333333333334
evk4_7-9packet_2000sym.raw,410,9.860574999999999,48,11,0.7708333333333334,12,0.75,30,5,0.8333333333333334
evk4_7-9packet_2000sym.raw,411,9.884575,48,11,0.7708333333333334,11,0.7708333333333334,30,5,0.8333333333333334
evk4_7-9packet_2000sym.raw,412,9.908574999999999,48,12,0.75,13,0.7291666666666667,29,5,0.8275862068965517
evk4_7-9packet_2000sym.raw,413,9.932575,48,12,0.75,12,0.75,29,4,0.8620689655172413
evk4_7-9packet_2000sym.raw,414,9.956574999999999,48,11,0.7708333333333334,12,0.75,30,5,0.8333333333333334
evk4_7-9packet_2000sym.raw,415,9.980575,48,13,0.7291666666666667,14,0.7083333333333333,28,5,0.8214285714285714
evk4_7-9packet_2000sym.raw,416,10.004574999999999,48,12,0.75,13,0.7291666666666667,28,4,0.8571428571428572
evk4_7-9packet_2000sym.raw,417,10.028575,48,12,0.75,14,0.7083333333333333,28,4,0.8571428571428572
evk4_7-9packet_2000sym.raw,418,10.052575,48,14,0.7083333333333333,16,0.6666666666666667,25,3,0.88
evk4_7-9packet_2000sym.raw,419,10.076575,48,15,0.6875,17,0.6458333333333333,25,3,0.88
evk4_7-9packet_2000sym.raw,420,10.100575,48,14,0.7083333333333333,16,0.6666666666666667,24,3,0.875
evk4_7-9packet_2000sym.raw,421,10.124575,48,15,0.6875,20,0.5833333333333333,20,1,0.95
evk4_7-9packet_2000sym.raw,422,10.148575,48,17,0.6458333333333333,20,0.5833333333333333,20,1,0.95
evk4_7-9packet_2000sym.raw,423,10.172575,48,20,0.5833333333333333,22,0.5416666666666667,18,1,0.9444444444444444
evk4_7-9packet_2000sym.raw,424,10.196575,48,18,0.625,20,0.5833333333333333,19,1,0.9473684210526316
evk4_7-9packet_2000sym.raw,425,10.220575,48,16,0.6666666666666667,21,0.5625,18,1,0.9444444444444444
evk4_7-9packet_2000sym.raw,426,10.244575,48,18,0.625,20,0.5833333333333333,18,1,0.9444444444444444
evk4_7-9packet_2000sym.raw,427,10.268574999999998,48,18,0.625,19,0.6041666666666667,19,1,0.9473684210526316
evk4_7-9packet_2000sym.raw,428,10.292575,48,18,0.625,19,0.6041666666666667,19,1,0.9473684210526316
evk4_7-9packet_2000sym.raw,429,10.316574999999998,48,18,0.625,20,0.5833333333333333,18,1,0.9444444444444444
evk4_7-9packet_2000sym.raw,430,10.340575,48,17,0.6458333333333333,21,0.5625,17,1,0.9411764705882353
evk4_7-9packet_2000sym.raw,431,10.364574999999999,48,15,0.6875,21,0.5625,15,1,0.9333333333333333
evk4_7-9packet_2000sym.raw,432,10.388575,48,16,0.6666666666666667,21,0.5625,15,1,0.9333333333333333
evk4_7-9packet_2000sym.raw,433,10.412574999999999,48,21,0.5625,25,0.47916666666666663,13,1,0.9230769230769231
evk4_7-9packet_2000sym.raw,434,10.436575,48,19,0.6041666666666667,26,0.45833333333333337,12,1,0.9166666666666666
evk4_7-9packet_2000sym.raw,435,10.460574999999999,48,19,0.6041666666666667,25,0.47916666666666663,11,1,0.9090909090909091
evk4_7-9packet_2000sym.raw,436,10.484575,48,18,0.625,26,0.45833333333333337,11,1,0.9090909090909091
evk4_7-9packet_2000sym.raw,437,10.508574999999999,48,16,0.6666666666666667,26,0.45833333333333337,10,1,0.9
evk4_7-9packet_2000sym.raw,438,10.532575,48,18,0.625,25,0.47916666666666663,10,1,0.9
evk4_7-9packet_2000sym.raw,439,10.556574999999999,48,16,0.6666666666666667,28,0.41666666666666663,9,1,0.8888888888888888
evk4_7-9packet_2000sym.raw,440,10.580575,48,16,0.6666666666666667,27,0.4375,9,1,0.8888888888888888
evk4_7-9packet_2000sym.raw,441,10.604574999999999,48,16,0.6666666666666667,27,0.4375,10,1,0.9
evk4_7-9packet_2000sym.raw,442,10.628575,48,19,0.6041666666666667,28,0.41666666666666663,9,1,0.8888888888888888
evk4_7-9packet_2000sym.raw,443,10.652574999999999,48,19,0.6041666666666667,29,0.39583333333333337,8,1,0.875
evk4_7-9packet_2000sym.raw,444,10.676575,48,16,0.6666666666666667,27,0.4375,9,1,0.8888888888888888
evk4_7-9packet_2000sym.raw,445,10.700574999999999,48,19,0.6041666666666667,27,0.4375,10,1,0.9
evk4_7-9packet_2000sym.raw,446,10.724575,48,17,0.6458333333333333,27,0.4375,11,1,0.9090909090909091
evk4_7-9packet_2000sym.raw,447,10.748574999999999,48,15,0.6875,25,0.47916666666666663,12,1,0.9166666666666666
evk4_7-9packet_2000sym.raw,448,10.772575,48,15,0.6875,26,0.45833333333333337,12,1,0.9166666666666666
evk4_7-9packet_2000sym.raw,449,10.796574999999999,48,20,0.5833333333333333,26,0.45833333333333337,12,1,0.9166666666666666
evk4_7-9packet_2000sym.raw,450,10.820575,48,18,0.625,28,0.41666666666666663,12,1,0.9166666666666666
evk4_7-9packet_2000sym.raw,451,10.844574999999999,48,18,0.625,29,0.39583333333333337,12,1,0.9166666666666666
evk4_7-9packet_2000sym.raw,452,10.868575,48,17,0.6458333333333333,26,0.45833333333333337,13,1,0.9230769230769231
evk4_7-9packet_2000sym.raw,453,10.892574999999999,48,18,0.625,27,0.4375,13,2,0.8461538461538461
evk4_7-9packet_2000sym.raw,454,10.916575,48,19,0.6041666666666667,28,0.41666666666666663,13,2,0.8461538461538461
evk4_7-9packet_2000sym.raw,455,10.940574999999999,48,20,0.5833333333333333,26,0.45833333333333337,14,2,0.8571428571428572
evk4_7-9packet_2000sym.raw,456,10.964575,48,19,0.6041666666666667,28,0.41666666666666663,13,2,0.8461538461538461
evk4_7-9packet_2000sym.raw,457,10.988574999999999,48,20,0.5833333333333333,29,0.39583333333333337,11,2,0.8181818181818181
evk4_7-9packet_2000sym.raw,458,11.012575,48,19,0.6041666666666667,28,0.41666666666666663,13,3,0.7692307692307692
evk4_7-9packet_2000sym.raw,459,11.036575,48,19,0.6041666666666667,27,0.4375,14,3,0.7857142857142857
evk4_7-9packet_2000sym.raw,460,11.060575,48,20,0.5833333333333333,27,0.4375,13,3,0.7692307692307692
evk4_7-9packet_2000sym.raw,461,11.084575,48,18,0.625,27,0.4375,14,3,0.7857142857142857
evk4_7-9packet_2000sym.raw,462,11.108575,48,19,0.6041666666666667,27,0.4375,13,3,0.7692307692307692
evk4_7-9packet_2000sym.raw,463,11.132575,48,20,0.5833333333333333,28,0.41666666666666663,12,3,0.75
evk4_7-9packet_2000sym.raw,464,11.156575,48,19,0.6041666666666667,27,0.4375,13,4,0.6923076923076923
evk4_7-9packet_2000sym.raw,465,11.180575,48,21,0.5625,30,0.375,12,4,0.6666666666666667
evk4_7-9packet_2000sym.raw,466,11.204575,48,17,0.6458333333333333,27,0.4375,14,3,0.7857142857142857
evk4_7-9packet_2000sym.raw,467,11.228575,48,19,0.6041666666666667,27,0.4375,13,4,0.6923076923076923
evk4_7-9packet_2000sym.raw,468,11.252575,48,18,0.625,27,0.4375,13,3,0.7692307692307692
evk4_7-9packet_2000sym.raw,469,11.276575,48,19,0.6041666666666667,29,0.39583333333333337,11,3,0.7272727272727273
evk4_7-9packet_2000sym.raw,470,11.300574999999998,48,22,0.5416666666666667,27,0.4375,13,4,0.6923076923076923
evk4_7-9packet_2000sym.raw,471,11.324575,48,19,0.6041666666666667,25,0.47916666666666663,14,4,0.7142857142857143
evk4_7-9packet_2000sym.raw,472,11.348574999999999,48,21,0.5625,22,0.5416666666666667,17,7,0.5882352941176471
evk4_7-9packet_2000sym.raw,473,11.372575,48,18,0.625,25,0.47916666666666663,16,6,0.625
evk4_7-9packet_2000sym.raw,474,11.396574999999999,48,19,0.6041666666666667,25,0.47916666666666663,16,7,0.5625
evk4_7-9packet_2000sym.raw,475,11.420575,48,20,0.5833333333333333,26,0.45833333333333337,15,6,0.6
evk4_7-9packet_2000sym.raw,476,11.444574999999999,48,21,0.5625,27,0.4375,14,5,0.6428571428571428
evk4_7-9packet_2000sym.raw,477,11.468575,48,20,0.5833333333333333,25,0.47916666666666663,17,8,0.5294117647058824
evk4_7-9packet_2000sym.raw,478,11.492574999999999,48,22,0.5416666666666667,25,0.47916666666666663,16,8,0.5
evk4_7-9packet_2000sym.raw,479,11.516575,48,22,0.5416666666666667,27,0.4375,15,7,0.5333333333333333
evk4_7-9packet_2000sym.raw,480,11.540574999999999,48,26,0.45833333333333337,21,0.5625,20,12,0.4
evk4_7-9packet_2000sym.raw,481,11.564575,48,20,0.5833333333333333,23,0.5208333333333333,18,9,0.5
evk4_7-9packet_2000sym.raw,482,11.588574999999999,48,18,0.625,25,0.47916666666666663,17,8,0.5294117647058824
evk4_7-9packet_2000sym.raw,483,11.612575,48,26,0.45833333333333337,21,0.5625,21,13,0.38095238095238093
evk4_7-9packet_2000sym.raw,484,11.636574999999999,48,22,0.5416666666666667,20,0.5833333333333333,22,13,0.40909090909090906
evk4_7-9packet_2000sym.raw,485,11.660575,48,22,0.5416666666666667,21,0.5625,21,12,0.4285714285714286
evk4_7-9packet_2000sym.raw,486,11.684574999999999,48,22,0.5416666666666667,20,0.5833333333333333,22,13,0.40909090909090906
evk4_7-9packet_2000sym.raw,487,11.708575,48,23,0.5208333333333333,19,0.6041666666666667,24,15,0.375
evk4_7-9packet_2000sym.raw,488,11.732574999999999,48,22,0.5416666666666667,20,0.5833333333333333,22,13,0.40909090909090906
evk4_7-9packet_2000sym.raw,489,11.756575,48,24,0.5,18,0.625,24,15,0.375
evk4_7-9packet_2000sym.raw,490,11.780574999999999,48,22,0.5416666666666667,20,0.5833333333333333,22,13,0.40909090909090906
evk4_7-9packet_2000sym.raw,491,11.804575,48,23,0.5208333333333333,19,0.6041666666666667,24,15,0.375
evk4_7-9packet_2000sym.raw,492,11.828574999999999,48,24,0.5,17,0.6458333333333333,26,17,0.34615384615384615
evk4_7-9packet_2000sym.raw,493,11.852575,48,25,0.47916666666666663,17,0.6458333333333333,26,17,0.34615384615384615
evk4_7-9packet_2000sym.raw,494,11.876574999999999,48,24,0.5,17,0.6458333333333333,26,17,0.34615384615384615
evk4_7-9packet_2000sym.raw,495,11.900575,48,25,0.47916666666666663,16,0.6666666666666667,27,18,0.33333333333333337
evk4_7-9packet_2000sym.raw,496,11.924574999999999,48,25,0.47916666666666663,16,0.6666666666666667,27,18,0.33333333333333337
evk4_7-9packet_2000sym.raw,497,11.948575,48,25,0.47916666666666663,16,0.6666666666666667,27,18,0.33333333333333337
evk4_7-9packet_2000sym.raw,498,11.972574999999999,48,25,0.47916666666666663,17,0.6458333333333333,26,17,0.34615384615384615
evk4_7-9packet_2000sym.raw,499,11.996575,48,25,0.47916666666666663,17,0.6458333333333333,27,18,0.33333333333333337
evk4_7-9packet_2000sym.raw,500,12.020575,48,24,0.5,15,0.6875,28,18,0.3571428571428571
evk4_7-9packet_2000sym.raw,501,12.044575,48,24,0.5,16,0.6666666666666667,28,18,0.3571428571428571
evk4_7-9packet_2000sym.raw,502,12.068575,48,25,0.47916666666666663,17,0.6458333333333333,26,17,0.34615384615384615
evk4_7-9packet_2000sym.raw,503,12.092575,48,24,0.5,16,0.6666666666666667,27,17,0.37037037037037035
evk4_7-9packet_2000sym.raw,504,12.116575,48,25,0.47916666666666663,17,0.6458333333333333,26,17,0.34615384615384615
evk4_7-9packet_2000sym.raw,505,12.140575,48,24,0.5,16,0.6666666666666667,27,17,0.37037037037037035
evk4_7-9packet_2000sym.raw,506,12.164575,48,25,0.47916666666666663,17,0.6458333333333333,27,18,0.33333333333333337
evk4_7-9packet_2000sym.raw,507,12.188575,48,25,0.47916666666666663,17,0.6458333333333333,27,18,0.33333333333333337
evk4_7-9packet_2000sym.raw,508,12.212575,48,24,0.5,16,0.6666666666666667,28,18,0.3571428571428571
evk4_7-9packet_2000sym.raw,509,12.236575,48,25,0.47916666666666663,17,0.6458333333333333,27,18,0.33333333333333337
evk4_7-9packet_2000sym.raw,510,12.260575,48,25,0.47916666666666663,17,0.6458333333333333,27,18,0.33333333333333337
evk4_7-9packet_2000sym.raw,511,12.284575,48,25,0.47916666666666663,17,0.6458333333333333,27,18,0.33333333333333337
evk4_7-9packet_2000sym.raw,512,12.308575,48,25,0.47916666666666663,17,0.6458333333333333,27,18,0.33333333333333337
evk4_7-9packet_2000sym.raw,513,12.332574999999999,48,25,0.47916666666666663,17,0.6458333333333333,27,18,0.33333333333333337
evk4_7-9packet_2000sym.raw,514,12.356575,48,25,0.47916666666666663,17,0.6458333333333333,27,18,0.33333333333333337
evk4_7-9packet_2000sym.raw,515,12.380574999999999,48,25,0.47916666666666663,16,0.6666666666666667,27,18,0.33333333333333337
evk4_7-9packet_2000sym.raw,516,12.404575,48,25,0.47916666666666663,17,0.6458333333333333,27,18,0.33333333333333337
evk4_7-9packet_2000sym.raw,517,12.428574999999999,48,25,0.47916666666666663,16,0.6666666666666667,27,18,0.33333333333333337
evk4_7-9packet_2000sym.raw,518,12.452575,48,25,0.47916666666666663,18,0.625,26,17,0.34615384615384615
evk4_7-9packet_2000sym.raw,519,12.476574999999999,48,25,0.47916666666666663,17,0.6458333333333333,27,18,0.33333333333333337
evk4_7-9packet_2000sym.raw,520,12.500575,48,25,0.47916666666666663,17,0.6458333333333333,27,18,0.33333333333333337
evk4_7-9packet_2000sym.raw,521,12.524574999999999,48,25,0.47916666666666663,17,0.6458333333333333,27,18,0.33333333333333337
evk4_7-9packet_2000sym.raw,522,12.548575,48,25,0.47916666666666663,16,0.6666666666666667,27,18,0.33333333333333337
evk4_7-9packet_2000sym.raw,523,12.572574999999999,48,25,0.47916666666666663,17,0.6458333333333333,27,18,0.33333333333333337
evk4_7-9packet_2000sym.raw,524,12.596575,48,25,0.47916666666666663,16,0.6666666666666667,27,18,0.33333333333333337
evk4_7-9packet_2000sym.raw,525,12.620574999999999,48,25,0.47916666666666663,16,0.6666666666666667,27,18,0.33333333333333337
evk4_7-9packet_2000sym.raw,526,12.644575,48,25,0.47916666666666663,16,0.6666666666666667,27,18,0.33333333333333337
evk4_7-9packet_2000sym.raw,527,12.668574999999999,48,25,0.47916666666666663,16,0.6666666666666667,27,18,0.33333333333333337
evk4_7-9packet_2000sym.raw,528,12.692575,48,30,0.375,21,0.5625,17,16,0.05882352941176472
evk4_7-9packet_2000sym.raw,529,12.716574999999999,48,25,0.47916666666666663,33,0.3125,1,1,0.0
evk4_7-9packet_2000sym.raw,530,12.740575,48,24,0.5,34,0.29166666666666663,0,0,0.0
evk4_7-9packet_2000sym.raw,531,12.764574999999999,48,24,0.5,33,0.3125,1,1,0.0
evk4_7-9packet_2000sym.raw,532,12.788575,48,24,0.5,32,0.33333333333333337,4,1,0.75
evk4_7-9packet_2000sym.raw,533,12.812574999999999,48,24,0.5,34,0.29166666666666663,0,0,0.0
evk4_7-9packet_2000sym.raw,534,12.836575,48,24,0.5,34,0.29166666666666663,0,0,0.0
evk4_7-9packet_2000sym.raw,535,12.860574999999999,48,24,0.5,34,0.29166666666666663,0,0,0.0
evk4_7-9packet_2000sym.raw,536,12.884575,48,24,0.5,34,0.29166666666666663,0,0,0.0
evk4_7-9packet_2000sym.raw,537,12.908574999999999,48,24,0.5,34,0.29166666666666663,0,0,0.0
evk4_7-9packet_2000sym.raw,538,12.932575,48,24,0.5,34,0.29166666666666663,0,0,0.0
evk4_7-9packet_2000sym.raw,539,12.956574999999999,48,24,0.5,34,0.29166666666666663,0,0,0.0
evk4_7-9packet_2000sym.raw,540,12.980575,48,24,0.5,34,0.29166666666666663,0,0,0.0
evk4_7-9packet_2000sym.raw,541,13.004574999999999,48,24,0.5,34,0.29166666666666663,0,0,0.0
evk4_7-9packet_2000sym.raw,542,13.028575,48,24,0.5,34,0.29166666666666663,0,0,0.0
evk4_7-9packet_2000sym.raw,543,13.052575,48,24,0.5,34,0.29166666666666663,0,0,0.0
evk4_7-9packet_2000sym.raw,544,13.076575,48,24,0.5,34,0.29166666666666663,0,0,0.0
evk4_7-9packet_2000sym.raw,545,13.100575,48,24,0.5,34,0.29166666666666663,0,0,0.0
evk4_7-9packet_2000sym.raw,546,13.124575,48,24,0.5,34,0.29166666666666663,0,0,0.0
evk4_7-9packet_2000sym.raw,547,13.148575,48,24,0.5,34,0.29166666666666663,0,0,0.0
evk4_7-9packet_2000sym.raw,548,13.172575,48,24,0.5,34,0.29166666666666663,0,0,0.0
evk4_7-9packet_2000sym.raw,549,13.196575,48,24,0.5,34,0.29166666666666663,0,0,0.0
evk4_7-9packet_2000sym.raw,550,13.220575,48,24,0.5,34,0.29166666666666663,0,0,0.0
evk4_7-9packet_2000sym.raw,551,13.244575,48,24,0.5,34,0.29166666666666663,0,0,0.0
evk4_7-9packet_2000sym.raw,552,13.268575,48,24,0.5,34,0.29166666666666663,0,0,0.0
evk4_7-9packet_2000sym.raw,553,13.292575,48,24,0.5,34,0.29166666666666663,0,0,0.0
evk4_7-9packet_2000sym.raw,554,13.316575,48,24,0.5,34,0.29166666666666663,0,0,0.0
evk4_7-9packet_2000sym.raw,555,13.340575,48,24,0.5,34,0.29166666666666663,0,0,0.0
evk4_7-9packet_2000sym.raw,556,13.364574999999999,48,24,0.5,34,0.29166666666666663,0,0,0.0
evk4_7-9packet_2000sym.raw,557,13.388575,48,24,0.5,34,0.29166666666666663,0,0,0.0
evk4_7-9packet_2000sym.raw,558,13.412574999999999,48,24,0.5,34,0.29166666666666663,0,0,0.0
evk4_7-9packet_2000sym.raw,559,13.436575,48,24,0.5,34,0.29166666666666663,0,0,0.0
evk4_7-9packet_2000sym.raw,560,13.460574999999999,48,24,0.5,34,0.29166666666666663,0,0,0.0
evk4_7-9packet_2000sym.raw,561,13.484575,48,24,0.5,34,0.29166666666666663,0,0,0.0
evk4_7-9packet_2000sym.raw,562,13.508574999999999,48,24,0.5,34,0.29166666666666663,0,0,0.0
evk4_7-9packet_2000sym.raw,563,13.532575,48,24,0.5,34,0.29166666666666663,0,0,0.0
evk4_7-9packet_2000sym.raw,564,13.556574999999999,48,24,0.5,34,0.29166666666666663,0,0,0.0
evk4_7-9packet_2000sym.raw,565,13.580575,48,24,0.5,34,0.29166666666666663,0,0,0.0
evk4_7-9packet_2000sym.raw,566,13.604574999999999,48,24,0.5,34,0.29166666666666663,0,0,0.0
evk4_7-9packet_2000sym.raw,567,13.628575,48,24,0.5,34,0.29166666666666663,0,0,0.0
evk4_7-9packet_2000sym.raw,568,13.652574999999999,48,24,0.5,34,0.29166666666666663,0,0,0.0
evk4_7-9packet_2000sym.raw,569,13.676575,48,24,0.5,34,0.29166666666666663,0,0,0.0
evk4_7-9packet_2000sym.raw,570,13.700574999999999,48,24,0.5,34,0.29166666666666663,0,0,0.0
evk4_7-9packet_2000sym.raw,571,13.724575,48,24,0.5,34,0.29166666666666663,0,0,0.0
evk4_7-9packet_2000sym.raw,572,13.748574999999999,48,24,0.5,34,0.29166666666666663,0,0,0.0
evk4_7-9packet_2000sym.raw,573,13.772575,48,24,0.5,34,0.29166666666666663,0,0,0.0
evk4_7-9packet_2000sym.raw,574,13.796574999999999,48,24,0.5,34,0.29166666666666663,0,0,0.0
evk4_7-9packet_2000sym.raw,575,13.820575,48,24,0.5,34,0.29166666666666663,0,0,0.0
evk4_7-9packet_2000sym.raw,576,13.844574999999999,48,24,0.5,34,0.29166666666666663,0,0,0.0
evk4_7-9packet_2000sym.raw,577,13.868575,48,24,0.5,34,0.29166666666666663,0,0,0.0
evk4_7-9packet_2000sym.raw,578,13.892574999999999,48,24,0.5,34,0.29166666666666663,0,0,0.0
evk4_7-9packet_2000sym.raw,579,13.916575,48,24,0.5,34,0.29166666666666663,0,0,0.0
evk4_7-9packet_2000sym.raw,580,13.940574999999999,48,24,0.5,34,0.29166666666666663,0,0,0.0
evk4_7-9packet_2000sym.raw,581,13.964575,48,24,0.5,34,0.29166666666666663,0,0,0.0
evk4_7-9packet_2000sym.raw,582,13.988574999999999,48,24,0.5,34,0.29166666666666663,0,0,0.0
evk4_7-9packet_2000sym.raw,583,14.012575,48,24,0.5,34,0.29166666666666663,0,0,0.0
evk4_7-9packet_2000sym.raw,584,14.036575,48,24,0.5,34,0.29166666666666663,0,0,0.0
evk4_7-9packet_2000sym.raw,585,14.060575,48,24,0.5,34,0.29166666666666663,0,0,0.0
evk4_7-9packet_2000sym.raw,586,14.084575,48,24,0.5,34,0.29166666666666663,0,0,0.0
evk4_7-9packet_2000sym.raw,587,14.108575,48,24,0.5,34,0.29166666666666663,0,0,0.0
evk4_7-9packet_2000sym.raw,588,14.132575,48,24,0.5,34,0.29166666666666663,0,0,0.0
evk4_7-9packet_2000sym.raw,589,14.156575,48,24,0.5,34,0.29166666666666663,0,0,0.0
evk4_7-9packet_2000sym.raw,590,14.180575,48,24,0.5,34,0.29166666666666663,0,0,0.0
evk4_7-9packet_2000sym.raw,591,14.204575,48,24,0.5,34,0.29166666666666663,0,0,0.0
evk4_7-9packet_2000sym.raw,592,14.228575,48,24,0.5,34,0.29166666666666663,0,0,0.0
evk4_7-9packet_2000sym.raw,593,14.252575,48,24,0.5,34,0.29166666666666663,0,0,0.0
evk4_7-9packet_2000sym.raw,594,14.276575,48,24,0.5,34,0.29166666666666663,0,0,0.0
evk4_7-9packet_2000sym.raw,595,14.300575,48,24,0.5,34,0.29166666666666663,0,0,0.0
evk4_7-9packet_2000sym.raw,596,14.324575,48,24,0.5,34,0.29166666666666663,0,0,0.0
evk4_7-9packet_2000sym.raw,597,14.348575,48,24,0.5,34,0.29166666666666663,0,0,0.0
evk4_7-9packet_2000sym.raw,598,14.372575,48,24,0.5,34,0.29166666666666663,0,0,0.0
evk4_7-9packet_2000sym.raw,599,14.396574999999999,48,24,0.5,34,0.29166666666666663,0,0,0.0
evk4_7-9packet_2000sym.raw,600,14.420575,48,24,0.5,34,0.29166666666666663,0,0,0.0
